year,quarter,region,city,district,prop_type,prop_type_en,prop_class,prop_class_en,deed_count,total_price,area_m2,avg_ppm2,max_ppm2,min_ppm2
2024,1,الرياض,الرياض,أحد,أرض,land,سكني,residential,10,4957149.5,5005.27,1128.69663913235,1216.0,1047.62
2024,1,الرياض,الرياض,أحد,شقة,apartment,سكني,residential,2,1030000.0,405.81,,,
2024,1,الرياض,الرياض,أحد,فيلا,villa,سكني,residential,10,9326684.0,3201.4,2947.49084745763,3166.67,2811.83
2024,1,الرياض,الرياض,أم الحمام الشرقي,أرض,land,تجاري,commercial,3,150652694.0,40815.98,,,
2024,1,الرياض,الرياض,أم الحمام الشرقي,أرض,land,سكني,residential,23,39308000.0,5473.35,5151.23010130246,11555.56,3418.8
2024,1,الرياض,الرياض,أم الحمام الشرقي,فيلا,villa,سكني,residential,3,3600000.0,522.78,,,
2024,1,الرياض,الرياض,أم الحمام الغربي,أرض,land,تجاري,commercial,1,3000000.0,6000.0,,,
2024,1,الرياض,الرياض,أم الحمام الغربي,أرض,land,سكني,residential,12,13548484.0,4648.07,3204.87993803253,3750.0,3017.24
2024,1,الرياض,الرياض,إشبيلية,أرض,land,تجاري,commercial,12,60843425.0,14597.62,4258.53440401888,5416.67,3115.28
2024,1,الرياض,الرياض,إشبيلية,أرض,land,سكني,residential,100,118319517.36,41370.63,2882.7593677985,4050.0,1452.23
2024,1,الرياض,الرياض,إشبيلية,شقة,apartment,سكني,residential,147,113029331.37,22201.541,5047.00175471202,6070.52,4673.56
2024,1,الرياض,الرياض,إشبيلية,فيلا,villa,سكني,residential,34,68124736.48,10994.14,6185.34631445837,7166.67,5428.22
2024,1,الرياض,الرياض,الأندلس,أرض,land,تجاري,commercial,4,9848320.0,2890.0,,,
2024,1,الرياض,الرياض,الأندلس,أرض,land,سكني,residential,18,34192125.38,10250.23,3555.84855905067,4000.0,3200.0
2024,1,الرياض,الرياض,الأندلس,شقة,apartment,سكني,residential,17,10116200.0,2159.26,5017.75513354948,5395.91,4615.71
2024,1,الرياض,الرياض,الأندلس,فيلا,villa,سكني,residential,17,28966668.0,4479.77,6942.53437645566,7508.98,6535.95
2024,1,الرياض,الرياض,الإزدهار,أرض,land,تجاري,commercial,4,95303592.0,7802.07,,,
2024,1,الرياض,الرياض,الإزدهار,أرض,land,سكني,residential,5,11450000.0,2003.31,,,
2024,1,الرياض,الرياض,الإزدهار,شقة,apartment,سكني,residential,31,33010880.0,3888.41,8288.44652806755,9071.62,7452.49
2024,1,الرياض,الرياض,الإزدهار,فيلا,villa,سكني,residential,7,13982800.0,1503.59,9627.34664339534,11647.73,8777.7
2024,1,الرياض,الرياض,البديعة,أرض,land,سكني,residential,5,2681282.29,1459.27,,,
2024,1,الرياض,الرياض,البديعة,عمارة,building,سكني,residential,2,520000.0,217.8,,,
2024,1,الرياض,الرياض,البديعة,فيلا,villa,سكني,residential,2,3021350.88,981.04,,,
2024,1,الرياض,الرياض,البرية,أرض,land,تجاري,commercial,5,3040000.0,3310.0,,,
2024,1,الرياض,الرياض,البرية,أرض,land,سكني,residential,20,19097500.0,19130.15,937.876577662206,1000.0,634.92
2024,1,الرياض,الرياض,البرية,فيلا,villa,سكني,residential,1,700000.0,194.57,,,
2024,1,الرياض,الرياض,البطيحا,عمارة,building,سكني,residential,1,300000.0,161.89,,,
2024,1,الرياض,الرياض,البيان,أرض,land,تجاري,commercial,24,118883815.58,52141.91,2117.89417219422,2604.62,1973.12
2024,1,الرياض,الرياض,البيان,أرض,land,سكني,residential,207,294730440.37,114704.4975,2322.98550026422,3026.67,2075.0
2024,1,الرياض,الرياض,البيان,شقة,apartment,سكني,residential,19,11233210.0,2258.21,5020.07147941848,6593.41,3381.32
2024,1,الرياض,الرياض,البيان,فيلا,villa,سكني,residential,17,14533349.53,3131.0,4739.12880967778,5226.8,4090.27
2024,1,الرياض,الرياض,التعاون,أرض,land,تجاري,commercial,2,12983061.6,1792.5,,,
2024,1,الرياض,الرياض,التعاون,أرض,land,سكني,residential,5,13423705.0,2387.5,,,
2024,1,الرياض,الرياض,التعاون,شقة,apartment,سكني,residential,16,15204951.91,2319.21,7634.62250870353,9046.05,6038.18
2024,1,الرياض,الرياض,التعاون,فيلا,villa,سكني,residential,5,18660000.0,1678.68,,,
2024,1,الرياض,الرياض,الجرادية,أرض,land,تجاري,commercial,1,10000.0,366.4,,,
2024,1,الرياض,الرياض,الجرادية,أرض,land,سكني,residential,6,1198000.0,1331.03,832.106114126237,1000.0,415.02
2024,1,الرياض,الرياض,الجرادية,فيلا,villa,سكني,residential,22,18472983.0,4884.43,3783.97964309537,5177.3,2675.23
2024,1,الرياض,الرياض,الجزيرة,أرض,land,تجاري,commercial,3,15350000.0,6000.0,,,
2024,1,الرياض,الرياض,الجزيرة,أرض,land,سكني,residential,10,16112245.0,6356.0,2862.34331955923,3388.43,2066.12
2024,1,الرياض,الرياض,الجزيرة,شقة,apartment,سكني,residential,14,12606844.0,1863.4,6651.84913239248,7588.57,6152.23
2024,1,الرياض,الرياض,الجزيرة,فيلا,villa,سكني,residential,6,8257642.0,2904.0,3372.93388429752,3615.7,3099.17
2024,1,الرياض,الرياض,الجنادرية,أرض,land,تجاري,commercial,50,168444085.75,94696.035,1619.6981898606,2000.0,1498.96
2024,1,الرياض,الرياض,الجنادرية,أرض,land,سكني,residential,390,519792558.33,335041.98,1750.12388747996,1900.0,1500.0
2024,1,الرياض,الرياض,الجنادرية,شقة,apartment,سكني,residential,8,4441150.0,1087.41,4799.04883971937,5316.47,4523.28
2024,1,الرياض,الرياض,الجنادرية,فيلا,villa,سكني,residential,412,344997630.93,126136.156,2522.94640476598,2682.43,2375.0
2024,1,الرياض,الرياض,الحائر,أرض,land,زراعي,agricultural,1,850000.0,2000.0,,,
2024,1,الرياض,الرياض,الحائر,أرض,land,تجاري,commercial,10,13189468.0,33609.89,394.913004366605,450.0,321.43
2024,1,الرياض,الرياض,الحائر,أرض,land,سكني,residential,56,20045735.31,47378.06,328.393616389929,523.72,250.0
2024,1,الرياض,الرياض,الحائر,فيلا,villa,سكني,residential,3,1490000.0,598.85,,,
2024,1,الرياض,الرياض,الحزم,أرض,land,تجاري,commercial,10,17633326.0,8876.54,1819.01996157947,1900.0,1750.0
2024,1,الرياض,الرياض,الحزم,أرض,land,سكني,residential,49,45889522.47,36152.81,1565.25949828118,1944.44,1250.0
2024,1,الرياض,الرياض,الحزم,شقة,apartment,سكني,residential,57,29865406.54,8682.67,3528.42930169375,4203.81,2705.04
2024,1,الرياض,الرياض,الحزم,فيلا,villa,سكني,residential,71,70719448.54,17872.7,3993.57846824235,4630.73,3399.08
2024,1,الرياض,الرياض,الحمراء,أرض,land,تجاري,commercial,31,364686673.86,69464.12,5309.34395601336,5600.0,5100.0
2024,1,الرياض,الرياض,الحمراء,أرض,land,سكني,residential,16,64137314.0,14874.0,4635.12148518076,5250.0,1222.22
2024,1,الرياض,الرياض,الحمراء,شقة,apartment,سكني,residential,52,44048370.04,7986.005,5685.333351901,7282.35,3875.97
2024,1,الرياض,الرياض,الحمراء,فيلا,villa,سكني,residential,10,29090840.0,3979.59,7679.11990549321,8818.34,6518.52
2024,1,الرياض,الرياض,الخالدية,أرض,land,تجاري,commercial,3,8900000.0,2114.92,,,
2024,1,الرياض,الرياض,الخالدية,أرض,land,سكني,residential,20,25220810.0,7751.43,1627.91381595276,3921.57,1283.04
2024,1,الرياض,الرياض,الخالدية,فيلا,villa,سكني,residential,4,3340000.0,1272.49,,,
2024,1,الرياض,الرياض,الخزامى,أرض,land,تجاري,commercial,56,2237404307.95,144631.0853,11419.6477959934,15494.16,8739.34
2024,1,الرياض,الرياض,الخزامى,أرض,land,سكني,residential,225,3217416463.74,274467.662,10291.3222075955,13569.34,808.8
2024,1,الرياض,الرياض,الخزامى,شقة,apartment,سكني,residential,25,37387070.19,3744.55,9977.93779985579,10608.93,9472.76
2024,1,الرياض,الرياض,الخزامى,فيلا,villa,سكني,residential,1,4748285.41,375.0,,,
2024,1,الرياض,الرياض,الخليج,أرض,land,تجاري,commercial,8,26424361.0,7216.12,3313.75182948739,4500.0,1862.73
2024,1,الرياض,الرياض,الخليج,أرض,land,سكني,residential,35,46536415.21,20345.375,2609.84290030211,3230.77,1500.0
2024,1,الرياض,الرياض,الخليج,شقة,apartment,سكني,residential,29,19939149.0,4237.06,5033.09831646446,5222.65,4684.66
2024,1,الرياض,الرياض,الخليج,فيلا,villa,سكني,residential,25,46472212.3,8926.03,4946.0170455017,6056.37,4184.42
2024,1,الرياض,الرياض,الخير,أرض,land,تجاري,commercial,63,176187049.0,73735.515,2342.19030557312,3187.5,1799.1
2024,1,الرياض,الرياض,الخير,أرض,land,سكني,residential,1556,1388515453.73,905158.405,1502.69315119105,1760.0,1217.95
2024,1,الرياض,الرياض,الدار البيضاء,أرض,land,تجاري,commercial,44,102292172.24,50941.17,1687.50432337971,2971.43,1175.0
2024,1,الرياض,الرياض,الدار البيضاء,أرض,land,سكني,residential,42,27265092.82,20056.78,1355.7073761893,1600.0,1175.0
2024,1,الرياض,الرياض,الدار البيضاء,شقة,apartment,سكني,residential,138,59359904.19,20720.99,2867.39039925944,3567.79,2265.39
2024,1,الرياض,الرياض,الدار البيضاء,فيلا,villa,سكني,residential,117,114537487.58,37650.37,3171.76196731281,4000.0,2272.73
2024,1,الرياض,الرياض,الدريهمية,أرض,land,سكني,residential,11,18987974.45,6404.9,2513.6583989535,3367.92,2000.0
2024,1,الرياض,الرياض,الدريهمية,شقة,apartment,سكني,residential,16,9254219.01,2507.355,3497.54662756862,3744.02,3230.97
2024,1,الرياض,الرياض,الدريهمية,فيلا,villa,سكني,residential,7,4837000.0,1106.44,3730.3634594294,4409.86,2984.88
2024,1,الرياض,الرياض,الدفاع,أرض,land,تجاري,commercial,1,1320000.0,1200.0,,,
2024,1,الرياض,الرياض,الدوبية,أرض,land,سكني,residential,1,1150000.0,266.69,,,
2024,1,الرياض,الرياض,الديرة,أرض,land,تجاري,commercial,1,3500000.0,678.65,,,
2024,1,الرياض,الرياض,الديرة,أرض,land,سكني,residential,1,650000.0,12.55,,,
2024,1,الرياض,الرياض,الديرة,شقة,apartment,سكني,residential,1,140000.0,111.79,,,
2024,1,الرياض,الرياض,الرائد,أرض,land,تجاري,commercial,1,61673344.0,5000.0,,,
2024,1,الرياض,الرياض,الرائد,شقة,apartment,سكني,residential,16,20882800.0,2193.29,9641.18070065173,11945.85,8522.88
2024,1,الرياض,الرياض,الرائد,فيلا,villa,سكني,residential,3,4970000.0,459.08,,,
2024,1,الرياض,الرياض,الراية,أرض,land,سكني,residential,36,15366200.0,29847.9,498.339845711487,555.555555555556,444.44
2024,1,الرياض,الرياض,الربوة,أرض,land,تجاري,commercial,15,105372341.0,23786.42,4209.18399546428,4699.09,3800.0
2024,1,الرياض,الرياض,الربوة,أرض,land,سكني,residential,49,110449477.6,33006.78,3416.32870834812,3800.0,3055.5
2024,1,الرياض,الرياض,الربوة,شقة,apartment,سكني,residential,8,6785250.0,920.13,7192.07714686998,8101.24,5921.05
2024,1,الرياض,الرياض,الربوة,فيلا,villa,سكني,residential,27,77556761.66,10483.335,8096.85848322502,9535.51,5866.67
2024,1,الرياض,الرياض,الربيع,أرض,land,تجاري,commercial,11,526506220.44,72582.23,5278.48004102234,9547.1,5145.68
2024,1,الرياض,الرياض,الربيع,أرض,land,سكني,residential,40,639232749.8,123623.94,5147.1587256201,7142.86,3497.65
2024,1,الرياض,الرياض,الربيع,شقة,apartment,سكني,residential,7,6837660.0,949.23,6436.30781619608,6908.8,5903.19
2024,1,الرياض,الرياض,الربيع,فيلا,villa,سكني,residential,6,18300000.0,2060.81,8914.30995287677,9076.92,8765.78
2024,1,الرياض,الرياض,الرحمانية,أرض,land,تجاري,commercial,4,375353334.0,10801.0,,,
2024,1,الرياض,الرياض,الرحمانية,أرض,land,سكني,residential,12,52305030.0,9530.334,5847.71043735655,6249.94,5400.0
2024,1,الرياض,الرياض,الرحمانية,شقة,apartment,سكني,residential,2,2300000.0,194.09,,,
2024,1,الرياض,الرياض,الرحمانية,فيلا,villa,سكني,residential,8,29850000.0,2906.78,12247.5745944799,12847.22,11932.14
2024,1,الرياض,الرياض,الرسالة,أرض,land,سكني,residential,20,14425000.0,38668.59,375.525995652434,407.5,325.0
2024,1,الرياض,الرياض,الرفيعة,أرض,land,تجاري,commercial,2,9449000.0,1559.245,,,
2024,1,الرياض,الرياض,الرفيعة,أرض,land,سكني,residential,13,17046883.89,4858.063,3554.2252052347,4315.68,2300.0
2024,1,الرياض,الرياض,الرفيعة,شقة,apartment,سكني,residential,7,5420000.0,584.61,9271.13802363969,10441.32,8504.37
2024,1,الرياض,الرياض,الرفيعة,فيلا,villa,سكني,residential,22,42320610.96,5652.275,6916.30086049496,7908.28,5789.25
2024,1,الرياض,الرياض,الرمال,أرض,land,تجاري,commercial,103,1072255292.7,597351.721,2483.5335593361,3200.0,2150.54
2024,1,الرياض,الرياض,الرمال,أرض,land,سكني,residential,482,620492348.52,323592.6322,2625.12070120402,3000.0,2300.0
2024,1,الرياض,الرياض,الرمال,شقة,apartment,سكني,residential,337,248571734.0,47053.91,5276.02102726499,6009.6,4650.21
2024,1,الرياض,الرياض,الرمال,فيلا,villa,سكني,residential,344,508137332.4,103265.12,4952.53073886565,5921.42,4193.0
2024,1,الرياض,الرياض,الروابي,أرض,land,سكني,residential,11,14582000.0,4177.3,3643.64553768527,4204.55,3333.33
2024,1,الرياض,الرياض,الروابي,شقة,apartment,سكني,residential,16,15954525.0,2474.616,6466.84078851937,7216.63,5312.5
2024,1,الرياض,الرياض,الروابي,فيلا,villa,سكني,residential,2,5300000.0,671.005,,,
2024,1,الرياض,الرياض,الروضة,أرض,land,تجاري,commercial,9,43480000.0,8719.3,4791.80565911856,5777.78,4166.67
2024,1,الرياض,الرياض,الروضة,أرض,land,سكني,residential,28,58333201.12,17987.75,3322.09465434621,4012.35,1959.58
2024,1,الرياض,الرياض,الروضة,شقة,apartment,سكني,residential,40,31542250.0,5042.84,5581.68036647093,6982.62,5242.64
2024,1,الرياض,الرياض,الروضة,فيلا,villa,سكني,residential,27,49261500.0,8277.43,6517.82973572492,8170.6,5261.99
2024,1,الرياض,الرياض,الريان,أرض,land,تجاري,commercial,3,14880000.0,3970.0,,,
2024,1,الرياض,الرياض,الريان,أرض,land,سكني,residential,14,35102600.0,6530.5,5012.44043140206,5400.0,4753.62
2024,1,الرياض,الرياض,الريان,شقة,apartment,سكني,residential,44,42324075.62,6036.18,6702.40942412378,7105.95,6412.73
2024,1,الرياض,الرياض,الزاهر,أرض,land,تجاري,commercial,2,2500000.0,1800.0,,,
2024,1,الرياض,الرياض,الزاهر,أرض,land,سكني,residential,170,105206000.0,164188.84,652.475695463568,752.688172043011,537.63
2024,1,الرياض,الرياض,الزهراء,أرض,land,تجاري,commercial,1,20000000.0,5000.0,,,
2024,1,الرياض,الرياض,الزهراء,أرض,land,سكني,residential,14,46673225.0,10531.54,4081.80436128386,4200.0,3353.55
2024,1,الرياض,الرياض,الزهرة,أرض,land,تجاري,commercial,5,15776000.0,4500.0,,,
2024,1,الرياض,الرياض,الزهرة,أرض,land,سكني,residential,32,31528796.22,13002.55,2268.83796982638,4800.0,1576.92
2024,1,الرياض,الرياض,الزهرة,شقة,apartment,سكني,residential,9,5510000.0,1417.86,4020.93923071087,4348.1,3218.82
2024,1,الرياض,الرياض,الزهرة,فيلا,villa,سكني,residential,17,12810323.0,3016.92,4290.82270963655,4599.49,3857.69
2024,1,الرياض,الرياض,الزهور,أرض,land,سكني,residential,18,9045000.0,11713.75,779.141104294479,855.56,755.56
2024,1,الرياض,الرياض,السحاب,أرض,land,تجاري,commercial,1,99880627.0,285373.22,,,
2024,1,الرياض,الرياض,السحاب,أرض,land,سكني,residential,255,110628633.0,78195.75,1298.41253625538,1400.0,773.33
2024,1,الرياض,الرياض,السعادة,أرض,land,تجاري,commercial,41,99291003.0,64328.54,1734.56816950322,2600.0,1100.0
2024,1,الرياض,الرياض,السعادة,أرض,land,سكني,residential,194,173623563.01,68204.595,2402.50007331639,2570.0,2199.09
2024,1,الرياض,الرياض,السعادة,شقة,apartment,سكني,residential,85,59814309.0,13665.64,4366.95082008201,4745.81,3991.61
2024,1,الرياض,الرياض,السعادة,فيلا,villa,سكني,residential,22,19249955.0,4300.28,4805.79935437567,6023.68,4101.33
2024,1,الرياض,الرياض,السلام,أرض,land,تجاري,commercial,10,18603500.0,4937.5,3487.80952380952,3700.0,3300.0
2024,1,الرياض,الرياض,السلام,أرض,land,سكني,residential,19,24318672.54,9745.5,2683.7847770289,3333.33,2190.67
2024,1,الرياض,الرياض,السلام,شقة,apartment,سكني,residential,25,19284000.0,3351.25,5699.98621735235,6476.68,5260.9
2024,1,الرياض,الرياض,السلام,فيلا,villa,سكني,residential,3,5260000.0,937.5,,,
2024,1,الرياض,الرياض,السلي,أرض,land,تجاري,commercial,60,460983288.2,386661.23,1774.46618102411,2857.14,1210.0
2024,1,الرياض,الرياض,السلي,أرض,land,سكني,residential,32,85936646.47,60158.59,1744.77461298636,2000.0,1333.33
2024,1,الرياض,الرياض,السلي,شقة,apartment,سكني,residential,9,4743616.0,1121.48,4494.25861478263,5391.53,3330.52
2024,1,الرياض,الرياض,السلي,فيلا,villa,سكني,residential,6,6025000.0,1003.22,5798.97644917166,6304.84,4396.46
2024,1,الرياض,الرياض,السليمانية,أرض,land,تجاري,commercial,9,204656650.0,20751.34,9537.92647374088,10689.66,5305.96
2024,1,الرياض,الرياض,السليمانية,أرض,land,سكني,residential,32,199091650.95,60521.62,4409.0464335574,5458.33,3298.99
2024,1,الرياض,الرياض,السليمانية,شقة,apartment,سكني,residential,2,1580000.0,173.26,,,
2024,1,الرياض,الرياض,السليمانية,فيلا,villa,سكني,residential,16,79013333.35,9376.165,7450.79460786425,8534.62,6590.91
2024,1,الرياض,الرياض,السويدي,أرض,land,تجاري,commercial,12,22810357.0,10654.9,2792.84859876965,4265.87,1950.0
2024,1,الرياض,الرياض,السويدي,أرض,land,سكني,residential,22,12376954.22,10546.76,1358.96074937063,1520.0,1102.21
2024,1,الرياض,الرياض,السويدي,شقة,apartment,سكني,residential,25,15659373.0,4019.91,4007.16565332865,4565.85,3320.62
2024,1,الرياض,الرياض,السويدي,فيلا,villa,سكني,residential,84,68004541.2,26585.34,2633.29358068933,3854.17,1700.0
2024,1,الرياض,الرياض,السويدي الغربي,أرض,land,تجاري,commercial,4,8775000.0,2250.0,,,
2024,1,الرياض,الرياض,السويدي الغربي,أرض,land,سكني,residential,37,47284486.0,17030.05,2640.55864092586,4766.67,2080.0
2024,1,الرياض,الرياض,السويدي الغربي,شقة,apartment,سكني,residential,8,3884257.0,1242.12,3422.97940229623,3435.7,3418.61
2024,1,الرياض,الرياض,السويدي الغربي,فيلا,villa,سكني,residential,14,11340000.0,2657.28,4888.57807603857,5284.36,4567.53
2024,1,الرياض,الرياض,الشرفية,أرض,land,تجاري,commercial,1,1500000.0,136.12,,,
2024,1,الرياض,الرياض,الشرفية,أرض,land,سكني,residential,8,8194582.0,2532.59,4303.15511081553,6102.03,3215.78
2024,1,الرياض,الرياض,الشعلة,أرض,land,تجاري,commercial,2,470000.0,1500.0,,,
2024,1,الرياض,الرياض,الشعلة,أرض,land,سكني,residential,283,99407124.62,235692.26,420.030652375941,549.3,320.0
2024,1,الرياض,الرياض,الشفا,أرض,land,تجاري,commercial,12,23409077.04,10075.0,2120.38114859645,2794.05,1666.67
2024,1,الرياض,الرياض,الشفا,أرض,land,سكني,residential,43,40053675.27,26536.31,1565.02030959932,1940.0,999.48
2024,1,الرياض,الرياض,الشفا,شقة,apartment,سكني,residential,20,10596667.9,3347.2,3270.05682311096,4005.39,2301.66
2024,1,الرياض,الرياض,الشفا,فيلا,villa,سكني,residential,64,66923055.51,19352.16,3360.88264753754,4147.7,3171.92
2024,1,الرياض,الرياض,الشميسي,أرض,land,تجاري,commercial,5,15580673.85,3548.44,,,
2024,1,الرياض,الرياض,الشميسي,أرض,land,سكني,residential,12,2532000.0,1793.88,1131.38560242834,1466.47,922.97
2024,1,الرياض,الرياض,الشميسي,شقة,apartment,سكني,residential,1,160000.0,147.84,,,
2024,1,الرياض,الرياض,الشميسي,عمارة,building,سكني,residential,2,1800000.0,317.97,,,
2024,1,الرياض,الرياض,الشميسي,فيلا,villa,سكني,residential,9,6210000.0,1470.35,4239.11557112352,4740.15,3446.3
2024,1,الرياض,الرياض,الشهداء,أرض,land,تجاري,commercial,1,2000000.0,900.0,,,
2024,1,الرياض,الرياض,الشهداء,أرض,land,سكني,residential,6,11686926.4,2587.0,5475.75344761905,5600.0,5147.71
2024,1,الرياض,الرياض,الشهداء,شقة,apartment,سكني,residential,16,16143069.38,1916.76,8645.6170168135,9527.44,8000.52
2024,1,الرياض,الرياض,الشهداء,فيلا,villa,سكني,residential,7,22112324.0,2308.4,8607.64225799139,10946.75,7178.87
2024,1,الرياض,الرياض,الصالحية,أرض,land,سكني,residential,7,1585000.0,653.55,2228.50570305761,3400.78,1175.02
2024,1,الرياض,الرياض,الصحافة,أرض,land,تجاري,commercial,5,258600000.0,10397.0,,,
2024,1,الرياض,الرياض,الصحافة,أرض,land,سكني,residential,19,56233974.94,10724.85,5478.10679389313,6133.33,3797.34
2024,1,الرياض,الرياض,الصحافة,شقة,apartment,سكني,residential,23,31139834.52,3491.73,10344.2234659286,13044.0,7258.06
2024,1,الرياض,الرياض,الصحافة,فيلا,villa,سكني,residential,17,147047711.98,9436.13,11020.2601580849,16750.0,8333.33
2024,1,الرياض,الرياض,الصفا,أرض,land,تجاري,commercial,23,114622042.34,40874.99,2508.71976603653,3333.33,2117.1
2024,1,الرياض,الرياض,الصفا,أرض,land,سكني,residential,93,113991595.0,33956.38,3303.95478424464,3806.82,2950.0
2024,1,الرياض,الرياض,الصفا,فيلا,villa,سكني,residential,12,18419914.0,3103.19,4713.72921903968,6505.33,4300.0
2024,1,الرياض,الرياض,الصناعية,أرض,land,تجاري,commercial,1,5871250.0,1174.25,,,
2024,1,الرياض,الرياض,الصناعية,أرض,land,سكني,residential,7,13835132.0,7521.9,547.615295764521,2409.64,140.27
2024,1,الرياض,الرياض,الضباط,أرض,land,سكني,residential,7,9800000.0,2882.84,3070.82437676223,3478.26,2633.74
2024,1,الرياض,الرياض,الضباط,فيلا,villa,سكني,residential,12,29607573.98,5693.84,4510.37525181613,5397.3,3800.0
2024,1,الرياض,الرياض,العارض,أرض,land,تجاري,commercial,52,389485134.0,64870.19,5752.74984690713,7200.0,5043.37
2024,1,الرياض,الرياض,العارض,أرض,land,سكني,residential,144,324216831.89,81185.93,4517.4504236254,5001.25,3913.25
2024,1,الرياض,الرياض,العارض,شقة,apartment,سكني,residential,400,378451190.84,54466.5700000001,6727.21635198475,7792.52,6049.8
2024,1,الرياض,الرياض,العارض,فيلا,villa,سكني,residential,216,492891065.55,59880.3208,8204.39994394849,9267.84,7053.2
2024,1,الرياض,الرياض,العريجاء,أرض,land,تجاري,commercial,34,50723741.86,19340.65,2548.7359012715,3066.67,2000.0
2024,1,الرياض,الرياض,العريجاء,أرض,land,سكني,residential,61,54416371.54,25642.68,1969.03993220339,2525.0,1325.0
2024,1,الرياض,الرياض,العريجاء,عمارة,building,سكني,residential,4,525000.0,114.19,,,
2024,1,الرياض,الرياض,العريجاء,فيلا,villa,سكني,residential,2,1690000.0,627.38,,,
2024,1,الرياض,الرياض,العريجاء الأوسط,أرض,land,تجاري,commercial,2,2200000.0,800.0,,,
2024,1,الرياض,الرياض,العريجاء الأوسط,أرض,land,سكني,residential,28,28405367.0,8300.01,3857.80728767362,5248.43,2500.0
2024,1,الرياض,الرياض,العريجاء الأوسط,فيلا,villa,سكني,residential,2,1973171.0,650.72,,,
2024,1,الرياض,الرياض,العريجاء الغربي,أرض,land,تجاري,commercial,7,4789486.0,3247.0,1875.0,2625.0,1500.0
2024,1,الرياض,الرياض,العريجاء الغربي,أرض,land,سكني,residential,61,57846391.09,23372.34,2284.19406448476,3975.0,1500.0
2024,1,الرياض,الرياض,العريجاء الغربي,شقة,apartment,سكني,residential,15,9428000.0,2531.71,3613.33111492321,4164.93,3304.19
2024,1,الرياض,الرياض,العريجاء الغربي,عمارة,building,سكني,residential,1,300000.0,108.9,,,
2024,1,الرياض,الرياض,العريجاء الغربي,فيلا,villa,سكني,residential,3,3099900.0,934.5,,,
2024,1,الرياض,الرياض,العزيزية,أرض,land,سكني,residential,149,155602198.68,87759.11,1684.3721206211,2242.16,1333.33
2024,1,الرياض,الرياض,العزيزية,أرض,land,تجاري,commercial,27,114645258.0,54294.46,1597.63514159695,3200.0,1100.0
2024,1,الرياض,الرياض,العزيزية,شقة,apartment,سكني,residential,41,16131462.84,5734.3792,2708.26344433416,4010.04,1854.03
2024,1,الرياض,الرياض,العزيزية,فيلا,villa,سكني,residential,106,74635287.0,21031.1,3595.94508789184,4110.08,3155.71
2024,1,الرياض,الرياض,العقيق,أرض,land,تجاري,commercial,9,99990000.0,8785.0,11381.9009675583,16000.0,8000.0
2024,1,الرياض,الرياض,العقيق,أرض,land,سكني,residential,26,59943133.94,13527.9,5300.51383624798,6400.0,3083.96
2024,1,الرياض,الرياض,العقيق,شقة,apartment,سكني,residential,56,57021740.06,7154.16,7724.6517689001,9356.62,6258.14
2024,1,الرياض,الرياض,العقيق,فيلا,villa,سكني,residential,9,59580395.0,6143.09,8198.7231458381,9562.53,7500.0
2024,1,الرياض,الرياض,العلا,أرض,land,تجاري,commercial,1,1600000.0,3000.0,,,
2024,1,الرياض,الرياض,العلا,أرض,land,سكني,residential,146,69946500.0,125166.78,554.181710927882,626.666666666667,480.895915678524
2024,1,الرياض,الرياض,العليا,أرض,land,تجاري,commercial,3,86700000.0,6600.0,,,
2024,1,الرياض,الرياض,العليا,أرض,land,سكني,residential,23,54898500.0,11598.89,4822.57890230826,5255.68,4000.0
2024,1,الرياض,الرياض,العليا,شقة,apartment,سكني,residential,7,11587200.0,644.13,18070.6610224683,21427.97,11593.49
2024,1,الرياض,الرياض,العليا,فيلا,villa,سكني,residential,10,28239000.0,3376.095,8279.67149304626,10631.81,6583.33
2024,1,الرياض,الرياض,العماجية,أرض,land,سكني,residential,1,3220482.0,14979.3,,,
2024,1,الرياض,الرياض,العمل,أرض,land,تجاري,commercial,1,5000000.0,960.0,,,
2024,1,الرياض,الرياض,العمل,أرض,land,سكني,residential,5,1068752.0,1659.0,,,
2024,1,الرياض,الرياض,العمل,عمارة,building,سكني,residential,3,4100000.0,524.65,,,
2024,1,الرياض,الرياض,العوالي,أرض,land,تجاري,commercial,9,13062500.0,7346.98,1557.51322520002,2450.0,895.39
2024,1,الرياض,الرياض,العوالي,أرض,land,سكني,residential,60,79739512.16,31730.96,2459.13796617138,4470.59,1866.67
2024,1,الرياض,الرياض,العوالي,شقة,apartment,سكني,residential,55,33843683.0,8206.25,4306.42730227344,5089.82,3551.72
2024,1,الرياض,الرياض,العوالي,فيلا,villa,سكني,residential,22,19087309.0,4919.19,3742.86188045526,4326.81,3389.44
2024,1,الرياض,الرياض,العود,أرض,land,تجاري,commercial,2,1465000.0,982.88,,,
2024,1,الرياض,الرياض,العود,أرض,land,سكني,residential,21,7451050.8,3478.54,2017.05117284281,3651.01,1179.64
2024,1,الرياض,الرياض,العود,عمارة,building,سكني,residential,1,400000.0,196.0,,,
2024,1,الرياض,الرياض,الغدير,أرض,land,تجاري,commercial,2,165175000.0,11715.0,,,
2024,1,الرياض,الرياض,الغدير,أرض,land,سكني,residential,4,15781603.47,3398.0,,,
2024,1,الرياض,الرياض,الغدير,شقة,apartment,سكني,residential,8,9802400.0,952.35,10464.2883305252,18090.7953123222,7966.91
2024,1,الرياض,الرياض,الغنامية,أرض,land,تجاري,commercial,2,4860000.0,4860.0,,,
2024,1,الرياض,الرياض,الغنامية,أرض,land,سكني,residential,32,6184931.1,11705.13,559.114426344624,625.0,481.28
2024,1,الرياض,الرياض,الغنامية,فيلا,villa,سكني,residential,42,27121588.5,24864.186,925.918987346955,1406.25,750.0
2024,1,الرياض,الرياض,الفاخرية,أرض,land,سكني,residential,2,2250000.0,977.25,,,
2024,1,الرياض,الرياض,الفاروق,أرض,land,تجاري,commercial,26,112500236.5,47790.27,2706.44853049591,3000.0,2415.97
2024,1,الرياض,الرياض,الفاروق,أرض,land,سكني,residential,69,150644789.95,73720.61,2668.01912336425,3030.3,2082.1
2024,1,الرياض,الرياض,الفرسان,أرض,land,سكني,residential,19,7481666.0,17077.6,469.79265925974,500.0,444.6
2024,1,الرياض,الرياض,الفلاح,أرض,land,سكني,residential,1,161726550.0,21563.5,,,
2024,1,الرياض,الرياض,الفلاح,شقة,apartment,سكني,residential,1,1000000.0,204.74,,,
2024,1,الرياض,الرياض,الفلاح,فيلا,villa,سكني,residential,1,7350000.0,1050.0,,,
2024,1,الرياض,الرياض,الفوطة,أرض,land,سكني,residential,2,547000.0,256.26,,,
2024,1,الرياض,الرياض,الفيحاء,أرض,land,تجاري,commercial,8,34131381.66,10219.71,3153.78485889592,3793.1,3001.52
2024,1,الرياض,الرياض,الفيحاء,أرض,land,سكني,residential,5,4825000.0,1913.7,,,
2024,1,الرياض,الرياض,الفيحاء,شقة,apartment,سكني,residential,20,14770164.0,3227.07,4682.75223797472,5391.16,3893.25
2024,1,الرياض,الرياض,الفيحاء,فيلا,villa,سكني,residential,21,29951278.33,6330.1,5251.51707754783,6175.9,3866.67
2024,1,الرياض,الرياض,الفيصلية,أرض,land,تجاري,commercial,2,12539991.08,4493.94,,,
2024,1,الرياض,الرياض,الفيصلية,أرض,land,سكني,residential,12,122748408.7,36508.34,1983.09953123212,2600.0,1116.52
2024,1,الرياض,الرياض,القادسية,أرض,land,تجاري,commercial,13,502284132.0,619575.42,2811.27129750983,3000.0,2000.0
2024,1,الرياض,الرياض,القادسية,أرض,land,سكني,residential,71,80442619.58,31489.92,2786.69878076403,3000.0,2450.0
2024,1,الرياض,الرياض,القادسية,شقة,apartment,سكني,residential,83,63078072.0,12902.8,5051.52920939962,5988.73,4300.28
2024,1,الرياض,الرياض,القادسية,فيلا,villa,سكني,residential,27,42397201.63,8140.83,5359.95858970093,6080.0,4200.0
2024,1,الرياض,الرياض,القدس,أرض,land,تجاري,commercial,12,93770000.0,17569.4,5600.0,5600.0,5600.0
2024,1,الرياض,الرياض,القدس,أرض,land,سكني,residential,18,40604429.37,9974.99,4306.70640147938,4888.89,3809.52
2024,1,الرياض,الرياض,القدس,شقة,apartment,سكني,residential,56,51518346.67,7692.49,6810.64534029487,7875.25,5852.27
2024,1,الرياض,الرياض,القدس,فيلا,villa,سكني,residential,10,23585000.0,3256.43,7058.56488933207,8204.24,6724.64
2024,1,الرياض,الرياض,القيروان,أرض,land,تجاري,commercial,24,556486813.5,54832.14,7187.49737669206,14500.0,3950.0
2024,1,الرياض,الرياض,القيروان,أرض,land,سكني,residential,30,88452207.09,19199.428,5762.48014427332,6909.09,3850.0
2024,1,الرياض,الرياض,القيروان,شقة,apartment,سكني,residential,140,156797605.43,18683.26,8143.44028276094,9466.35,7007.78
2024,1,الرياض,الرياض,القيروان,فيلا,villa,سكني,residential,38,160494675.5,15882.78,9616.24374374864,12142.8571428571,7700.0
2024,1,الرياض,الرياض,المحمدية,أرض,land,تجاري,commercial,1,55000000.0,1625.0,,,
2024,1,الرياض,الرياض,المحمدية,أرض,land,سكني,residential,5,35662000.0,4726.0,,,
2024,1,الرياض,الرياض,المحمدية,شقة,apartment,سكني,residential,62,79583000.0,7550.21,10184.4047805516,10971.95,9745.44
2024,1,الرياض,الرياض,المحمدية,فيلا,villa,سكني,residential,22,97495218.01,8595.81,12605.2644097207,14895.39,10000.0
2024,1,الرياض,الرياض,المدينة الصناعية الجديدة,أرض,land,تجاري,commercial,6,15401213.0,11699.69,1196.52739001818,1350.0,1100.0
2024,1,الرياض,الرياض,المدينة الصناعية الجديدة,فيلا,villa,سكني,residential,9,15790400.0,10800.0,1347.95833333333,2166.67,1150.0
2024,1,الرياض,الرياض,المربع,أرض,land,تجاري,commercial,4,47836402.0,6310.97,,,
2024,1,الرياض,الرياض,المربع,أرض,land,سكني,residential,15,50144576.44,9651.955,4304.68047974199,6310.14,3504.84
2024,1,الرياض,الرياض,المربع,شقة,apartment,سكني,residential,1,550000.0,151.94,,,
2024,1,الرياض,الرياض,المربع,فيلا,villa,سكني,residential,1,1140000.0,475.0,,,
2024,1,الرياض,الرياض,المرسلات,أرض,land,تجاري,commercial,7,31071356.24,6109.5,6403.24963072378,7694.94,3333.33
2024,1,الرياض,الرياض,المرسلات,أرض,land,سكني,residential,5,8875166.0,2438.0,,,
2024,1,الرياض,الرياض,المرسلات,شقة,apartment,سكني,residential,4,6410000.0,767.15,,,
2024,1,الرياض,الرياض,المرسلات,فيلا,villa,سكني,residential,3,10593800.0,1230.0,,,
2024,1,الرياض,الرياض,المرقب,أرض,land,تجاري,commercial,2,1450000.0,161.21,,,
2024,1,الرياض,الرياض,المرقب,أرض,land,سكني,residential,4,7275000.0,1465.16,,,
2024,1,الرياض,الرياض,المرقب,عمارة,building,سكني,residential,1,650000.0,288.16,,,
2024,1,الرياض,الرياض,المروة,أرض,land,تجاري,commercial,6,17271000.0,5315.0,1804.30107526882,1850.0,1755.56
2024,1,الرياض,الرياض,المروة,أرض,land,سكني,residential,12,11109759.0,4582.53,2348.10744707051,4425.0,888.89
2024,1,الرياض,الرياض,المروة,شقة,apartment,سكني,residential,9,3898188.0,1594.3766,2448.71378592825,3271.68,1493.88
2024,1,الرياض,الرياض,المروة,عمارة,building,سكني,residential,1,1260000.0,414.09,,,
2024,1,الرياض,الرياض,المروة,فيلا,villa,سكني,residential,2,1621125.0,386.84,,,
2024,1,الرياض,الرياض,المروج,أرض,land,تجاري,commercial,7,137729676.0,8632.0,15873.0,15873.0,15873.0
2024,1,الرياض,الرياض,المروج,أرض,land,سكني,residential,17,106342649.0,13503.0,7844.31274575621,15873.0,4971.49
2024,1,الرياض,الرياض,المروج,شقة,apartment,سكني,residential,9,11559128.68,1076.45,10325.2452734362,12224.89,9261.97
2024,1,الرياض,الرياض,المروج,فيلا,villa,سكني,residential,4,14250000.0,1968.04,,,
2024,1,الرياض,الرياض,المشاعل,أرض,land,تجاري,commercial,18,62263868.0,37136.32,1676.62999457135,2800.0,1200.0
2024,1,الرياض,الرياض,المشاعل,أرض,land,سكني,residential,8,16689700.0,11623.0,1468.71994919713,1700.0,1239.9
2024,1,الرياض,الرياض,المشرق,أرض,land,تجاري,commercial,3,6125000.0,3800.0,,,
2024,1,الرياض,الرياض,المشرق,أرض,land,سكني,residential,101,72676000.0,114436.94,649.004506136017,783.908045977012,555.555555555556
2024,1,الرياض,الرياض,المصانع,أرض,land,تجاري,commercial,6,19890000.0,9150.0,2240.90909090909,2550.0,2153.85
2024,1,الرياض,الرياض,المصانع,أرض,land,سكني,residential,19,72722500.0,37195.73,2319.23821820529,2500.0,2150.0
2024,1,الرياض,الرياض,المصفاة,أرض,land,تجاري,commercial,43,328902489.58,1022376.71,1022.54544302788,1466.67,666.67
2024,1,الرياض,الرياض,المصفاة,أرض,land,سكني,residential,232,201129894.41,512700.362000002,651.71493754696,1005.3,433.41
2024,1,الرياض,الرياض,المصيف,أرض,land,تجاري,commercial,8,103481250.01,10127.7,8219.63185933247,10833.33,4669.89
2024,1,الرياض,الرياض,المصيف,أرض,land,سكني,residential,15,35979790.0,8223.3,4590.3358215131,5300.0,3700.0
2024,1,الرياض,الرياض,المصيف,شقة,apartment,سكني,residential,7,7108000.0,747.5,7721.54550624009,8438.34,7063.44
2024,1,الرياض,الرياض,المصيف,فيلا,villa,سكني,residential,13,38535858.0,5513.185,6383.3803633438,8211.72,3663.04347826087
2024,1,الرياض,الرياض,المعذر,أرض,land,تجاري,commercial,10,359649200.0,40214.22,7503.03110222232,10353.54,6033.18
2024,1,الرياض,الرياض,المعذر,أرض,land,سكني,residential,30,123570672.0,17887.24,6935.28502655748,11818.18,5300.0
2024,1,الرياض,الرياض,المعذر,شقة,apartment,سكني,residential,53,71743113.0,6638.44,9003.45717719183,10837.69,8275.36
2024,1,الرياض,الرياض,المعذر,فيلا,villa,سكني,residential,2,4250000.0,514.95,,,
2024,1,الرياض,الرياض,المعيزيلة,أرض,land,تجاري,commercial,10,124872921.77,67938.16,2414.74950442506,2533.33,2350.0
2024,1,الرياض,الرياض,المعيزيلة,أرض,land,سكني,residential,18,19024790.0,8751.5,2194.29430594626,2800.0,1666.67
2024,1,الرياض,الرياض,المعيزيلة,شقة,apartment,سكني,residential,4,1922475.0,389.26,,,
2024,1,الرياض,الرياض,المعيزيلة,فيلا,villa,سكني,residential,12,17303046.9,3673.45,4731.03433796772,5192.26,4102.56
2024,1,الرياض,الرياض,الملز,أرض,land,تجاري,commercial,4,19381100.0,3690.1,,,
2024,1,الرياض,الرياض,الملز,أرض,land,سكني,residential,37,54422394.0,21345.27,2613.7899051031,2910.05,1997.9
2024,1,الرياض,الرياض,الملز,شقة,apartment,سكني,residential,10,3006807.0,1252.31,1808.34151835999,6026.33,6.19
2024,1,الرياض,الرياض,الملز,فيلا,villa,سكني,residential,14,32047799.99,6289.58,4654.80582114511,5652.0,3428.57
2024,1,الرياض,الرياض,الملقا,أرض,land,تجاري,commercial,13,880117161.14,58603.3,11293.7859422799,16000.0,10000.0
2024,1,الرياض,الرياض,الملقا,أرض,land,سكني,residential,39,144292824.62,26035.77,6453.7777531619,8260.87,4250.0
2024,1,الرياض,الرياض,الملقا,شقة,apartment,سكني,residential,360,389732969.23,47361.76,8246.47603702941,9649.4,6696.84
2024,1,الرياض,الرياض,الملقا,فيلا,villa,سكني,residential,120,760960222.6,60599.8324,12534.2235110181,14287.47,9802.38
2024,1,الرياض,الرياض,الملك سلمان,أرض,land,زراعي,agricultural,1,150000.0,2000.0,,,
2024,1,الرياض,الرياض,الملك سلمان,أرض,land,تجاري,commercial,8,101080662.5,37144.65,2430.84071461985,7250.0,1240.0
2024,1,الرياض,الرياض,الملك سلمان,أرض,land,سكني,residential,15,109174694.76,78464.64,1358.83041337285,6694.87,1240.0
2024,1,الرياض,الرياض,الملك سلمان,شقة,apartment,سكني,residential,37,46332150.0,4923.25,9246.1300260883,10921.5,8136.76
2024,1,الرياض,الرياض,الملك سلمان,فيلا,villa,سكني,residential,2,4195000.0,914.48,,,
2024,1,الرياض,الرياض,الملك عبدالعزيز,أرض,land,تجاري,commercial,2,21708290.0,3125.0,,,
2024,1,الرياض,الرياض,الملك عبدالعزيز,أرض,land,سكني,residential,6,20150000.0,3055.34,6368.46422866025,6412.51,6300.0
2024,1,الرياض,الرياض,الملك عبدالله,أرض,land,تجاري,commercial,1,1645324.45,213.75,,,
2024,1,الرياض,الرياض,الملك عبدالله,أرض,land,سكني,residential,10,28307094.0,4192.645,6266.32302405498,8250.0,5500.0
2024,1,الرياض,الرياض,الملك عبدالله,شقة,apartment,سكني,residential,2,1100000.0,273.18,,,
2024,1,الرياض,الرياض,الملك فهد,أرض,land,تجاري,commercial,7,110937390.0,10355.75,11000.223902069,12514.48,5999.45
2024,1,الرياض,الرياض,الملك فهد,أرض,land,سكني,residential,20,46252695.94,11981.0,4354.40227572331,4800.0,3929.82
2024,1,الرياض,الرياض,الملك فهد,فيلا,villa,سكني,residential,12,35197000.0,4589.02,7863.88661043095,10000.0,6363.63636363636
2024,1,الرياض,الرياض,الملك فيصل,أرض,land,تجاري,commercial,15,83417440.98,19670.0,3979.50219619326,4400.0,3500.0
2024,1,الرياض,الرياض,الملك فيصل,أرض,land,سكني,residential,13,23925277.79,7514.5,3031.36075035139,4000.0,1333.33
2024,1,الرياض,الرياض,الملك فيصل,شقة,apartment,سكني,residential,57,44306311.0,8256.74,5338.76306926011,5850.96,5073.69
2024,1,الرياض,الرياض,الملك فيصل,فيلا,villa,سكني,residential,12,25150000.0,4099.925,6639.00135973471,8000.0,5333.33
2024,1,الرياض,الرياض,المناخ,أرض,land,تجاري,commercial,4,14045100.0,6086.98,,,
2024,1,الرياض,الرياض,المناخ,أرض,land,سكني,residential,27,19196437.5,16506.171,1203.15511108674,1440.0,1000.0
2024,1,الرياض,الرياض,المنار,أرض,land,تجاري,commercial,3,13377500.0,3050.0,,,
2024,1,الرياض,الرياض,المنار,أرض,land,سكني,residential,6,9375000.0,3600.0,2604.16666666667,3200.0,2200.0
2024,1,الرياض,الرياض,المنار,شقة,apartment,سكني,residential,13,10247000.0,1798.2,5738.93770284176,6123.09,5070.99
2024,1,الرياض,الرياض,المنار,فيلا,villa,سكني,residential,8,14550000.0,3307.91,4441.62436548223,4500.0,4347.83
2024,1,الرياض,الرياض,المنصورة (خنشليلة),أرض,land,تجاري,commercial,7,17650000.0,4482.0,3940.76305220884,4315.48,3412.7
2024,1,الرياض,الرياض,المنصورة (خنشليلة),أرض,land,سكني,residential,16,23737300.0,9407.64,2410.9176335563,2933.33,1920.0
2024,1,الرياض,الرياض,المنصورة (خنشليلة),شقة,apartment,سكني,residential,3,1918574.23,477.838,,,
2024,1,الرياض,الرياض,المنصورية,أرض,land,تجاري,commercial,9,47104000.02,55077.09,954.865863794228,1700.0,750.0
2024,1,الرياض,الرياض,المنصورية,أرض,land,سكني,residential,2,2360000.0,1000.0,,,
2024,1,الرياض,الرياض,المهدية,أرض,land,تجاري,commercial,94,212508317.0,63493.13,3142.46309515748,3600.0,2700.0
2024,1,الرياض,الرياض,المهدية,أرض,land,سكني,residential,157,216711111.34,85001.105,2583.32544645038,2888.89,2222.22
2024,1,الرياض,الرياض,المهدية,شقة,apartment,سكني,residential,48,32564413.0,6862.43,4807.39148942717,5144.36,4428.87
2024,1,الرياض,الرياض,المهدية,فيلا,villa,سكني,residential,273,456213297.76,96745.87,4648.85278805963,6349.21,3809.52
2024,1,الرياض,الرياض,المونسية,أرض,land,تجاري,commercial,21,293893525.0,47115.29,4414.05845793841,5600.0,4100.0
2024,1,الرياض,الرياض,المونسية,أرض,land,سكني,residential,81,129447840.56,37584.18,3915.65613141053,4444.44,2880.0
2024,1,الرياض,الرياض,المونسية,شقة,apartment,سكني,residential,237,203153854.0,35107.0,5576.04893672033,6465.77,4648.87
2024,1,الرياض,الرياض,المونسية,فيلا,villa,سكني,residential,112,207495364.19,29630.28,6890.68320655539,7575.76,5925.93
2024,1,الرياض,الرياض,الناصرية,أرض,land,تجاري,commercial,1,19856000.0,9025.43,,,
2024,1,الرياض,الرياض,الناصرية,أرض,land,سكني,residential,9,16092575.0,5025.1,3397.18221599116,7213.27,2298.85
2024,1,الرياض,الرياض,الناصرية,فيلا,villa,سكني,residential,1,24933000.0,12466.5,,,
2024,1,الرياض,الرياض,النخبة,أرض,land,سكني,residential,49,21416826.0,48310.53,464.995627323192,516.56,404.41
2024,1,الرياض,الرياض,النخيل,أرض,land,تجاري,commercial,19,562722734.99,46735.64,11667.4580652721,19623.72,9508.4
2024,1,الرياض,الرياض,النخيل,أرض,land,سكني,residential,51,469155209.37,57222.79,7837.14155404056,10195.04,4000.0
2024,1,الرياض,الرياض,النخيل,شقة,apartment,سكني,residential,42,53018639.26,5294.72,9686.92431386226,11085.73,8744.27
2024,1,الرياض,الرياض,النخيل,فيلا,villa,سكني,residential,66,440483658.87,32286.43,13100.3305968741,14245.49,12240.0
2024,1,الرياض,الرياض,الندوة,أرض,land,تجاري,commercial,2,5860000.0,2075.0,,,
2024,1,الرياض,الرياض,الندوة,أرض,land,سكني,residential,27,22808562.0,9202.0,2290.74878194717,2500.0,1966.63
2024,1,الرياض,الرياض,الندوة,شقة,apartment,سكني,residential,1,250000.0,120.0,,,
2024,1,الرياض,الرياض,الندى,أرض,land,سكني,residential,24,80848088.99,19410.57,3713.96216041462,6500.0,2666.67
2024,1,الرياض,الرياض,الندى,شقة,apartment,سكني,residential,23,21957000.0,2521.26,8511.99505967324,9880.61,7469.48
2024,1,الرياض,الرياض,الندى,فيلا,villa,سكني,residential,9,35365800.0,2934.2,11077.5427995972,12156.86,10704.61
2024,1,الرياض,الرياض,النرجس,أرض,land,تجاري,commercial,106,2032298925.0,247346.78,6162.4370770334,7100.0,4700.0
2024,1,الرياض,الرياض,النرجس,أرض,land,سكني,residential,336,1045386548.77,214224.627,4950.29947145442,5550.0,4511.97
2024,1,الرياض,الرياض,النرجس,شقة,apartment,سكني,residential,719,695697277.58,101797.15,6625.2740975903,7438.49,5879.79
2024,1,الرياض,الرياض,النرجس,فيلا,villa,سكني,residential,380,1103354586.34,115066.32,9837.27174370802,11518.93,7873.52
2024,1,الرياض,الرياض,النزهة,أرض,land,تجاري,commercial,7,55043272.94,6665.28,6246.50855720888,7504.69,3798.47
2024,1,الرياض,الرياض,النزهة,أرض,land,سكني,residential,9,29150800.0,6115.0,5782.36272878536,6400.0,4888.89
2024,1,الرياض,الرياض,النزهة,شقة,apartment,سكني,residential,27,32048000.0,3648.39,8793.75756541802,10119.89,7766.58
2024,1,الرياض,الرياض,النزهة,فيلا,villa,سكني,residential,6,24187375.0,3297.26,6796.91358024691,7000.0,6550.0
2024,1,الرياض,الرياض,النسيم الشرقي,أرض,land,تجاري,commercial,11,23666730.0,8975.11,2701.26544860175,3030.3,2066.67
2024,1,الرياض,الرياض,النسيم الشرقي,أرض,land,سكني,residential,27,28433824.91,11486.8,2266.3344762434,2777.78,1428.57
2024,1,الرياض,الرياض,النسيم الشرقي,شقة,apartment,سكني,residential,13,7849000.0,1749.2,4399.63933820734,4685.3,4209.05
2024,1,الرياض,الرياض,النسيم الغربي,أرض,land,تجاري,commercial,27,55226000.0,26075.0,2339.54782386236,3400.0,1909.52
2024,1,الرياض,الرياض,النسيم الغربي,أرض,land,سكني,residential,61,53536623.63,31498.5,1806.84684788231,2240.0,1400.0
2024,1,الرياض,الرياض,النسيم الغربي,شقة,apartment,سكني,residential,2,1640000.0,304.78,,,
2024,1,الرياض,الرياض,النسيم الغربي,فيلا,villa,سكني,residential,22,27540010.08,6943.11,3842.73565266912,4639.06,3412.46
2024,1,الرياض,الرياض,النظيم,أرض,land,تجاري,commercial,1041,1508367901.38,5782147.76,907.478656068025,1270.0,863.6
2024,1,الرياض,الرياض,النظيم,أرض,land,سكني,residential,2071,980749304.11,990051.83,920.80560561261,1282.5,856.94
2024,1,الرياض,الرياض,النظيم,شقة,apartment,سكني,residential,5,2962150.0,607.31,,,
2024,1,الرياض,الرياض,النظيم,فيلا,villa,سكني,residential,20,23608550.15,6030.3,3830.29490616622,4320.0,3365.33
2024,1,الرياض,الرياض,النفل,أرض,land,سكني,residential,7,15410000.0,3162.5,5225.0,6153.85,4000.0
2024,1,الرياض,الرياض,النفل,شقة,apartment,سكني,residential,8,8957419.83,1164.42,7540.19862014808,7890.4,7185.54831777584
2024,1,الرياض,الرياض,النفل,فيلا,villa,سكني,residential,11,24512948.83,2817.78,9004.11280846064,10555.56,7662.38
2024,1,الرياض,الرياض,النموذجية,أرض,land,تجاري,commercial,2,6848352.0,1592.64,,,
2024,1,الرياض,الرياض,النموذجية,أرض,land,سكني,residential,2,4259867.0,2580.22,,,
2024,1,الرياض,الرياض,النموذجية,فيلا,villa,سكني,residential,1,8000000.0,2400.0,,,
2024,1,الرياض,الرياض,النهضة,أرض,land,تجاري,commercial,6,20950000.0,5050.0,3734.56790123457,4200.0,3500.0
2024,1,الرياض,الرياض,النهضة,أرض,land,سكني,residential,61,74157810.49,29266.36,2751.51686881629,3205.13,2142.86
2024,1,الرياض,الرياض,النهضة,شقة,apartment,سكني,residential,26,19915000.0,4016.15,4867.75188520616,6009.8,3784.73
2024,1,الرياض,الرياض,النهضة,فيلا,villa,سكني,residential,38,70232552.34,13182.16,5699.61698080129,6404.76,4786.47
2024,1,الرياض,الرياض,النور,أرض,land,تجاري,commercial,2,17906301.36,5949.0,,,
2024,1,الرياض,الرياض,النور,أرض,land,سكني,residential,9,17248752.0,9549.02,1789.4231891884,1815.0,1750.0
2024,1,الرياض,الرياض,الهدا,أرض,land,تجاري,commercial,3,109835000.0,25823.0,,,
2024,1,الرياض,الرياض,الهدا,أرض,land,سكني,residential,9,56799000.0,11414.5,4848.36852207294,5000.0,3438.2
2024,1,الرياض,الرياض,الهدا,فيلا,villa,سكني,residential,40,162637782.0,17148.905,9393.72955664459,10609.66,7384.63
2024,1,الرياض,الرياض,الوادي,أرض,land,تجاري,commercial,1,5000000.0,810.0,,,
2024,1,الرياض,الرياض,الوادي,أرض,land,سكني,residential,7,16730000.0,3176.5,5082.21225710015,5128.21,5037.04
2024,1,الرياض,الرياض,الوادي,شقة,apartment,سكني,residential,55,54195559.0,7194.37,7243.85043300385,8539.6,6657.57
2024,1,الرياض,الرياض,الوادي,فيلا,villa,سكني,residential,13,27723370.0,3257.98,8449.29283817431,9855.06,7652.17
2024,1,الرياض,الرياض,الورود,أرض,land,تجاري,commercial,1,64000000.0,3945.6,,,
2024,1,الرياض,الرياض,الورود,أرض,land,سكني,residential,12,49021720.0,8378.88,5552.02595844467,6200.0,4910.71
2024,1,الرياض,الرياض,الورود,شقة,apartment,سكني,residential,3,4770000.0,425.27,,,
2024,1,الرياض,الرياض,الورود,فيلا,villa,سكني,residential,13,27686020.0,2597.88,9548.37196106674,11364.07,8157.1
2024,1,الرياض,الرياض,الوزارات,أرض,land,تجاري,commercial,5,93516000.0,6287.25,,,
2024,1,الرياض,الرياض,الوزارات,أرض,land,سكني,residential,15,43460000.0,6448.26,4623.51387054161,6568.45,4000.0
2024,1,الرياض,الرياض,الوسام,أرض,land,زراعي,agricultural,1,800000.0,2000.0,,,
2024,1,الرياض,الرياض,الوسام,أرض,land,تجاري,commercial,2,1188885.5,724.45,,,
2024,1,الرياض,الرياض,الوسام,أرض,land,سكني,residential,364,189219554.3,109543.89,1837.50782205746,1900.0,1500.0
2024,1,الرياض,الرياض,الوشام,أرض,land,سكني,residential,1,700000.0,300.2,,,
2024,1,الرياض,الرياض,الوشام,فيلا,villa,سكني,residential,3,2400000.0,983.94,,,
2024,1,الرياض,الرياض,الياسمين,أرض,land,تجاري,commercial,19,767334222.0,50890.709,6931.12675818633,13410.37,5100.0
2024,1,الرياض,الرياض,الياسمين,أرض,land,سكني,residential,73,263190677.29,47712.8,5656.51660143568,6944.44,2354.07
2024,1,الرياض,الرياض,الياسمين,شقة,apartment,سكني,residential,200,209845411.99,27835.29,7812.29895113671,9508.88,6317.58
2024,1,الرياض,الرياض,الياسمين,فيلا,villa,سكني,residential,64,504742817.38,35387.643,11386.1686119633,14150.0,7528.08
2024,1,الرياض,الرياض,اليرموك,أرض,land,تجاري,commercial,22,133900435.56,29046.58,4405.04855450187,5707.07,3710.58
2024,1,الرياض,الرياض,اليرموك,أرض,land,سكني,residential,44,67876666.78,20089.91,3331.92770751205,4300.0,2685.19
2024,1,الرياض,الرياض,اليرموك,شقة,apartment,سكني,residential,78,65184184.89,11935.607,5546.11101612183,6431.07,4674.35
2024,1,الرياض,الرياض,اليرموك,فيلا,villa,سكني,residential,47,81113619.34,12607.47,7035.5845618699,7800.0,5800.0
2024,1,الرياض,الرياض,اليمامة,أرض,land,تجاري,commercial,2,3975000.0,1614.32,,,
2024,1,الرياض,الرياض,اليمامة,أرض,land,سكني,residential,42,22205266.0,10774.12,1957.00401958716,3110.14,1337.15
2024,1,الرياض,الرياض,اليمامة,عمارة,building,سكني,residential,1,500000.0,177.75,,,
2024,1,الرياض,الرياض,بدر,أرض,land,تجاري,commercial,49,153746460.0,106055.18,1275.28389071018,1716.94,850.0
2024,1,الرياض,الرياض,بدر,أرض,land,سكني,residential,348,208884961.85,219078.07,1047.0999777682,1215.0,900.0
2024,1,الرياض,الرياض,بدر,شقة,apartment,سكني,residential,98,52440281.16,15738.91,3231.68667760372,3958.97,2170.14
2024,1,الرياض,الرياض,بدر,فيلا,villa,سكني,residential,661,533767176.98,165833.2925,3370.64813493942,3976.86,2830.79
2024,1,الرياض,الرياض,بنبان,أرض,land,تجاري,commercial,48,96029694.5,66433.04,1446.05519451501,2083.33,1157.41
2024,1,الرياض,الرياض,بنبان,أرض,land,سكني,residential,283,218310753.95,218442.45,1030.03842584941,1249.92,874.07
2024,1,الرياض,الرياض,بنبان,شقة,apartment,سكني,residential,11,7783718.0,1926.07,4267.35755714773,4402.73,4103.17
2024,1,الرياض,الرياض,بنبان,فيلا,villa,سكني,residential,52,58713253.5,19408.02,3005.10553034765,4301.02,2222.22
2024,1,الرياض,الرياض,ثليم,أرض,land,تجاري,commercial,1,9000000.0,2400.0,,,
2024,1,الرياض,الرياض,ثليم,أرض,land,سكني,residential,5,1350401.0,584.51,,,
2024,1,الرياض,الرياض,ثليم,عمارة,building,سكني,residential,1,244000.0,146.3,,,
2024,1,الرياض,الرياض,جرير,أرض,land,تجاري,commercial,6,15450000.0,2825.7,5418.40672411059,8532.42,3395.78
2024,1,الرياض,الرياض,جرير,أرض,land,سكني,residential,24,39919537.0,10793.95,3370.76571970025,5200.0,2557.32
2024,1,الرياض,الرياض,جرير,شقة,apartment,سكني,residential,15,9836750.0,1702.73,5656.92243342473,6267.41,5200.02
2024,1,الرياض,الرياض,حطين,أرض,land,تجاري,commercial,8,264766270.07,20918.92,12337.7558153719,14847.81,9500.0
2024,1,الرياض,الرياض,حطين,أرض,land,سكني,residential,21,215897920.04,34695.36,6918.13130230996,8000.0,3247.61
2024,1,الرياض,الرياض,حطين,شقة,apartment,سكني,residential,118,150413549.0,16791.7,9098.54702661406,9851.27,8387.5
2024,1,الرياض,الرياض,حطين,فيلا,villa,سكني,residential,52,326014626.51,25585.805,12602.1943108091,14018.45,11428.57
2024,1,الرياض,الرياض,ديراب,أرض,land,زراعي,agricultural,1,550000.0,2500.0,,,
2024,1,الرياض,الرياض,ديراب,أرض,land,تجاري,commercial,1,1800000.0,625.0,,,
2024,1,الرياض,الرياض,ديراب,أرض,land,سكني,residential,20,14576567.0,8087.5,1653.98946322068,2817.54,1020.0
2024,1,الرياض,الرياض,ديراب,شقة,apartment,سكني,residential,2,530000.0,165.52,,,
2024,1,الرياض,الرياض,ديراب,فيلا,villa,سكني,residential,4,2590000.0,876.69,,,
2024,1,الرياض,الرياض,سكيرينة,أرض,land,سكني,residential,4,2180000.0,600.32,,,
2024,1,الرياض,الرياض,سلطانة,أرض,land,تجاري,commercial,1,3200000.0,1000.0,,,
2024,1,الرياض,الرياض,سلطانة,أرض,land,سكني,residential,10,5996045.0,4457.0,1305.52308591467,1562.5,1145.83
2024,1,الرياض,الرياض,سلطانة,شقة,apartment,سكني,residential,1,190000.0,85.91,,,
2024,1,الرياض,الرياض,سلطانة,عمارة,building,سكني,residential,3,1800000.0,475.92,,,
2024,1,الرياض,الرياض,سلطانة,فيلا,villa,سكني,residential,10,6920000.0,2055.14,3536.51947541628,4481.96,2491.69
2024,1,الرياض,الرياض,شبرا,أرض,land,سكني,residential,42,58094499.97,16956.79,3518.87657596198,3887.54,1666.67
2024,1,الرياض,الرياض,شبرا,شقة,apartment,سكني,residential,1,423000.0,65.82,,,
2024,1,الرياض,الرياض,شبرا,فيلا,villa,سكني,residential,7,5057712.0,1143.22,4573.79134860051,4869.94,4340.91
2024,1,الرياض,الرياض,صياح,أرض,land,سكني,residential,1,350000.0,145.25,,,
2024,1,الرياض,الرياض,ضاحية نمار,أرض,land,تجاري,commercial,90,135839195.6,97600.0299999999,1303.90446071676,1787.71,1052.36
2024,1,الرياض,الرياض,ضاحية نمار,أرض,land,سكني,residential,630,374118623.41,386098.9575,1027.69619052921,1194.44,816.67
2024,1,الرياض,الرياض,ضاحية نمار,شقة,apartment,سكني,residential,23,13586312.0,3900.61,3530.13245606441,3929.36,3254.15
2024,1,الرياض,الرياض,ضاحية نمار,فيلا,villa,سكني,residential,122,122022921.0,55394.88,1953.24152266842,2800.0,1388.89
2024,1,الرياض,الرياض,طويق,أرض,land,تجاري,commercial,51,123064826.0,49930.45,2470.32920988183,3200.0,1950.0
2024,1,الرياض,الرياض,طويق,أرض,land,سكني,residential,89,119228822.2,65943.19,1832.49972052108,2075.0,1354.17
2024,1,الرياض,الرياض,طويق,شقة,apartment,سكني,residential,257,168709481.32,44513.596,3782.07386492421,4413.0,3294.36
2024,1,الرياض,الرياض,طويق,فيلا,villa,سكني,residential,475,526079821.47,133728.915,4089.81476425775,4880.95,3308.82
2024,1,الرياض,الرياض,طيبة,أرض,land,تجاري,commercial,109,532735327.26,636508.41,748.364025764325,970.5,662.47
2024,1,الرياض,الرياض,طيبة,أرض,land,سكني,residential,194,673320921.74,808934.18,816.981059149503,1004.19,657.47
2024,1,الرياض,الرياض,طيبة,شقة,apartment,سكني,residential,6,2780655.0,920.85,3447.16832352361,3508.29,3385.81
2024,1,الرياض,الرياض,طيبة,فيلا,villa,سكني,residential,27,21490287.0,6812.72,3275.5756561414,3720.61,2782.68
2024,1,الرياض,الرياض,ظهرة البديعة,أرض,land,تجاري,commercial,14,31111963.62,9250.0,3409.52380666667,3657.14,2666.67
2024,1,الرياض,الرياض,ظهرة البديعة,أرض,land,سكني,residential,43,47114050.0,21396.5,1874.12638589045,2488.89,1587.3
2024,1,الرياض,الرياض,ظهرة البديعة,شقة,apartment,سكني,residential,8,5177500.0,1200.36,4371.60373415076,4862.68,4109.31
2024,1,الرياض,الرياض,ظهرة البديعة,فيلا,villa,سكني,residential,3,2500000.0,893.02,,,
2024,1,الرياض,الرياض,ظهرة لبن,أرض,land,تجاري,commercial,92,253899376.31,75982.45,2743.25917275692,3500.0,1996.5
2024,1,الرياض,الرياض,ظهرة لبن,أرض,land,سكني,residential,67,76368146.93,38235.0,2060.39188494257,2600.0,1413.33
2024,1,الرياض,الرياض,ظهرة لبن,شقة,apartment,سكني,residential,270,164899890.71,38947.763,4355.28457266769,5382.45,3080.52
2024,1,الرياض,الرياض,ظهرة لبن,فيلا,villa,سكني,residential,152,227093631.28,55325.245,3888.95746915252,5000.0,3200.0
2024,1,الرياض,الرياض,عتيقة,أرض,land,تجاري,commercial,2,2470000.0,455.1,,,
2024,1,الرياض,الرياض,عتيقة,أرض,land,سكني,residential,15,6015728.24,2739.97,2047.1433430598,3257.33,1098.9
2024,1,الرياض,الرياض,عرقة,أرض,land,تجاري,commercial,6,101136250.0,24392.5,4169.98011928429,6800.0,3500.0
2024,1,الرياض,الرياض,عرقة,أرض,land,سكني,residential,20,217887915.75,162381.25,4421.29261762577,6150.0,1493.84
2024,1,الرياض,الرياض,عرقة,شقة,apartment,سكني,residential,20,25046420.0,3040.52,7996.23829796303,8696.52,7621.48
2024,1,الرياض,الرياض,عرقة,فيلا,villa,سكني,residential,15,60025000.0,7512.47,7713.43810547273,9972.08,5316.93
2024,1,الرياض,الرياض,عريض,أرض,land,سكني,residential,877,303028565.99,400335.515,777.877198053293,933.33,646.58
2024,1,الرياض,الرياض,عريض,أرض,land,تجاري,commercial,107,93146963.0,94635.18,967.003930545413,1148.75,766.67
2024,1,الرياض,الرياض,عريض,فيلا,villa,سكني,residential,47,18752000.0,15311.23,1154.99823541936,1255.56,1100.0
2024,1,الرياض,الرياض,عكاظ,أرض,land,تجاري,commercial,12,21156310.83,15761.09,760.464651407348,1493.26,540.0
2024,1,الرياض,الرياض,عكاظ,أرض,land,سكني,residential,98,63434653.87,53128.955,1240.01357330274,1250.0,1150.0
2024,1,الرياض,الرياض,عكاظ,شقة,apartment,سكني,residential,63,29699994.95,10246.45,3058.38117342173,3997.93,2055.05
2024,1,الرياض,الرياض,عكاظ,فيلا,villa,سكني,residential,164,146228151.32,42857.025,3447.98058998037,4070.83,2929.38
2024,1,الرياض,الرياض,عليشة,أرض,land,تجاري,commercial,1,1540000.0,701.4,,,
2024,1,الرياض,الرياض,عليشة,أرض,land,سكني,residential,3,3400700.0,2270.75,,,
2024,1,الرياض,الرياض,عليشة,فيلا,villa,سكني,residential,6,14542000.0,4241.0,2237.43842364532,2300.0,2200.0
2024,1,الرياض,الرياض,غبيرا,أرض,land,تجاري,commercial,3,15120000.0,4820.51,,,
2024,1,الرياض,الرياض,غبيرا,أرض,land,سكني,residential,39,14676858.0,5937.78,2006.28483014528,3000.0,1212.12
2024,1,الرياض,الرياض,غبيرا,عمارة,building,سكني,residential,1,400000.0,120.0,,,
2024,1,الرياض,الرياض,غرناطة,أرض,land,تجاري,commercial,4,116005000.0,29851.7,,,
2024,1,الرياض,الرياض,غرناطة,أرض,land,سكني,residential,7,11598259.38,3732.0,3170.32915121951,4114.29,2509.21
2024,1,الرياض,الرياض,غرناطة,شقة,apartment,سكني,residential,11,9202212.0,1555.57,5637.56236014376,7400.87,3629.13
2024,1,الرياض,الرياض,غرناطة,فيلا,villa,سكني,residential,6,13913000.0,1535.0,9107.98122065728,9120.0,9090.91
2024,1,الرياض,الرياض,قرطبة,أرض,land,تجاري,commercial,13,172945605.78,30747.49,5887.36453646182,6944.44,4700.0
2024,1,الرياض,الرياض,قرطبة,أرض,land,سكني,residential,57,146168228.47,35972.76,4402.89249865424,5500.0,2788.04
2024,1,الرياض,الرياض,قرطبة,شقة,apartment,سكني,residential,186,175374893.45,26489.924,6717.98166048287,7781.59,5742.18
2024,1,الرياض,الرياض,قرطبة,فيلا,villa,سكني,residential,28,65844800.0,8258.17,8103.44860271968,9722.22,6980.0
2024,1,الرياض,الرياض,لبن,أرض,land,زراعي,agricultural,1,7500000.0,5000.0,,,
2024,1,الرياض,الرياض,لبن,أرض,land,تجاري,commercial,20,47551000.0,19192.05,2612.5534583329,3190.48,2000.0
2024,1,الرياض,الرياض,لبن,أرض,land,سكني,residential,16,25179757.61,10920.07,2257.15294117647,3125.0,1823.36
2024,1,الرياض,الرياض,لبن,شقة,apartment,سكني,residential,63,36380223.0,8734.37,4303.19237181646,4831.4,3855.54
2024,1,الرياض,الرياض,لبن,فيلا,villa,سكني,residential,9,18871060.18,3834.828,5094.28608126587,5533.33,4361.87
2024,1,الرياض,الرياض,مطار الملك خالد الدولي,أرض,land,تجاري,commercial,8,8376764.0,2295.15,3991.7017921147,5437.5,3067.35
2024,1,الرياض,الرياض,مطار الملك خالد الدولي,أرض,land,سكني,residential,142,98285157.8,33628.65,2831.15979460334,3260.05,2480.4
2024,1,الرياض,الرياض,معكال,أرض,land,سكني,residential,2,800000.0,455.2,,,
2024,1,الرياض,الرياض,مغرزات,أرض,land,تجاري,commercial,2,15065260.0,1837.97,,,
2024,1,الرياض,الرياض,مغرزات,أرض,land,سكني,residential,7,16925000.0,3815.0,5615.38461538462,6016.0,5000.0
2024,1,الرياض,الرياض,مغرزات,شقة,apartment,سكني,residential,34,35721070.17,4594.64,8036.9101336424,8525.78,7594.59
2024,1,الرياض,الرياض,مغرزات,فيلا,villa,سكني,residential,1,3250000.0,416.73,,,
2024,1,الرياض,الرياض,منفوحة,أرض,land,تجاري,commercial,4,2190000.0,445.78,,,
2024,1,الرياض,الرياض,منفوحة,أرض,land,سكني,residential,95,45963600.0,18301.92,2546.74874308464,3823.28,1361.61
2024,1,الرياض,الرياض,منفوحة,عمارة,building,سكني,residential,3,1580000.0,394.45,,,
2024,1,الرياض,الرياض,منفوحة الجديدة,أرض,land,سكني,residential,32,16426500.0,5447.3,2991.88640973631,4500.0,1845.02
2024,1,الرياض,الرياض,منفوحة الجديدة,عمارة,building,سكني,residential,3,2850000.0,485.35,,,
2024,1,الرياض,الرياض,منفوحة الجديدة,فيلا,villa,سكني,residential,1,350000.0,269.85,,,
2024,1,الرياض,الرياض,نمار,أرض,land,تجاري,commercial,3,14032344.0,7157.64,,,
2024,1,الرياض,الرياض,نمار,أرض,land,سكني,residential,14,14360766.28,12324.42,1050.14294220678,1147.54,1000.0
2024,1,الرياض,الرياض,نمار,شقة,apartment,سكني,residential,17,10470832.0,2972.95,3457.86594975433,3903.51,3008.6
2024,1,الرياض,الرياض,نمار,فيلا,villa,سكني,residential,12,12036900.0,3538.27,3098.71780268325,3896.74,2374.16
2024,1,الرياض,الرياض,هيت,أرض,land,سكني,residential,3,4874200.0,28598.75,,,
2024,2,الرياض,الرياض,أحد,أرض,land,تجاري,commercial,1,903312.5,606.25,,,
2024,2,الرياض,الرياض,أحد,أرض,land,سكني,residential,9,4352000.0,5344.73,1185.51229247166,1400.0,900.0
2024,2,الرياض,الرياض,أحد,شقة,apartment,سكني,residential,3,1334699.6,433.29,,,
2024,2,الرياض,الرياض,أحد,فيلا,villa,سكني,residential,14,12262870.0,4186.62,2837.66272120369,3605.8,2555.56
2024,2,الرياض,الرياض,أم الحمام الشرقي,أرض,land,تجاري,commercial,1,46675000.0,9335.0,,,
2024,2,الرياض,الرياض,أم الحمام الشرقي,أرض,land,سكني,residential,31,59363000.0,9694.68,5839.57889913235,6837.61,3333.33
2024,2,الرياض,الرياض,أم الحمام الشرقي,فيلا,villa,سكني,residential,1,3300000.0,356.75,,,
2024,2,الرياض,الرياض,أم الحمام الغربي,أرض,land,سكني,residential,12,17422413.79,4528.5,3613.23155216285,4100.0,2780.75
2024,2,الرياض,الرياض,أم الحمام الغربي,فيلا,villa,سكني,residential,2,2900000.0,605.66,,,
2024,2,الرياض,الرياض,إشبيلية,أرض,land,تجاري,commercial,7,96671223.0,20193.62,4950.60882276205,6000.0,3149.07
2024,2,الرياض,الرياض,إشبيلية,أرض,land,سكني,residential,27,37480262.32,13849.6,2816.37714154306,3240.0,2611.37
2024,2,الرياض,الرياض,إشبيلية,شقة,apartment,سكني,residential,61,43590169.83,8613.325,5104.97061510766,5705.79,4481.63
2024,2,الرياض,الرياض,إشبيلية,فيلا,villa,سكني,residential,42,71644435.37,14510.688,5666.9542696419,7120.83,3335.33293341332
2024,2,الرياض,الرياض,الأندلس,أرض,land,تجاري,commercial,2,5391625.6,2200.0,,,
2024,2,الرياض,الرياض,الأندلس,أرض,land,سكني,residential,15,31150320.0,8342.09,3816.56453436447,4300.0,3200.0
2024,2,الرياض,الرياض,الأندلس,شقة,apartment,سكني,residential,39,29305258.0,4630.43,6231.98596471686,6579.9,5843.74
2024,2,الرياض,الرياض,الأندلس,فيلا,villa,سكني,residential,16,28251500.0,5693.5,6126.82179529646,7538.1,5066.67
2024,2,الرياض,الرياض,الإزدهار,أرض,land,تجاري,commercial,1,8642500.0,780.0,,,
2024,2,الرياض,الرياض,الإزدهار,أرض,land,سكني,residential,4,11281252.0,2358.87,,,
2024,2,الرياض,الرياض,الإزدهار,شقة,apartment,سكني,residential,19,20538016.0,2357.83,8526.7199096252,9064.27,7965.69
2024,2,الرياض,الرياض,الإزدهار,فيلا,villa,سكني,residential,25,62709654.0,5456.06,12046.3123244133,12916.67,10227.41
2024,2,الرياض,الرياض,البديعة,أرض,land,سكني,residential,5,2030840.0,1117.85,,,
2024,2,الرياض,الرياض,البديعة,عمارة,building,سكني,residential,1,350000.0,108.9,,,
2024,2,الرياض,الرياض,البديعة,فيلا,villa,سكني,residential,5,12629849.73,3644.73,,,
2024,2,الرياض,الرياض,البرية,أرض,land,تجاري,commercial,2,1375000.0,1375.0,,,
2024,2,الرياض,الرياض,البرية,أرض,land,سكني,residential,11,7088000.0,5838.0,1020.0,1031.75,1000.0
2024,2,الرياض,الرياض,البطيحا,أرض,land,سكني,residential,2,5520000.0,1026.65,,,
2024,2,الرياض,الرياض,البيان,أرض,land,تجاري,commercial,21,129927112.58,53553.26,2656.36811181184,3000.0,2155.05
2024,2,الرياض,الرياض,البيان,أرض,land,سكني,residential,146,202557428.61,73299.7675,2570.44543363196,3050.0,2190.0
2024,2,الرياض,الرياض,البيان,شقة,apartment,سكني,residential,25,17139609.0,3432.7,6242.48148498773,7704.11,4684.22
2024,2,الرياض,الرياض,البيان,فيلا,villa,سكني,residential,39,36047777.0,8009.24,4580.93586267184,5207.72,3805.56
2024,2,الرياض,الرياض,التضامن,أرض,land,سكني,residential,1,510000.0,768.0,,,
2024,2,الرياض,الرياض,التعاون,أرض,land,تجاري,commercial,1,16000000.0,1320.0,,,
2024,2,الرياض,الرياض,التعاون,أرض,land,سكني,residential,1,161000.0,450.0,,,
2024,2,الرياض,الرياض,التعاون,شقة,apartment,سكني,residential,9,10643000.0,1434.15,8549.65724877169,9916.72,5855.36
2024,2,الرياض,الرياض,التعاون,فيلا,villa,سكني,residential,3,7750000.0,1010.0,,,
2024,2,الرياض,الرياض,الجرادية,أرض,land,سكني,residential,2,395000.0,275.39,,,
2024,2,الرياض,الرياض,الجرادية,فيلا,villa,سكني,residential,7,4618500.0,1463.66,3387.23818801754,4035.43,2326.39
2024,2,الرياض,الرياض,الجزيرة,أرض,land,تجاري,commercial,2,15414938.0,8375.14,,,
2024,2,الرياض,الرياض,الجزيرة,أرض,land,سكني,residential,12,17657203.0,6046.0,3081.95592286501,3719.01,2685.95
2024,2,الرياض,الرياض,الجزيرة,شقة,apartment,سكني,residential,2,2000000.0,371.75,,,
2024,2,الرياض,الرياض,الجزيرة,فيلا,villa,سكني,residential,10,13239843.0,4840.0,2641.75654269972,3099.17,2066.12
2024,2,الرياض,الرياض,الجنادرية,أرض,land,تجاري,commercial,49,590873322.0,900253.91,1866.36072069943,2000.0,1600.0
2024,2,الرياض,الرياض,الجنادرية,أرض,land,سكني,residential,954,721006479.6,421545.503,1678.26679726581,1850.0,1649.88
2024,2,الرياض,الرياض,الجنادرية,شقة,apartment,سكني,residential,13,7134340.0,1975.13,3943.70257073946,4654.95,3589.53
2024,2,الرياض,الرياض,الجنادرية,فيلا,villa,سكني,residential,463,367795831.23,139325.25,2363.1397552128,4477.33,2199.55
2024,2,الرياض,الرياض,الحائر,أرض,land,تجاري,commercial,6,1288850107.3,42748198.56,378.153022093632,451.52,375.0
2024,2,الرياض,الرياض,الحائر,أرض,land,سكني,residential,33,12361705.0,32197.05,392.567360785624,863.81,238.1
2024,2,الرياض,الرياض,الحائر,فيلا,villa,سكني,residential,2,852178.0,433.54,,,
2024,2,الرياض,الرياض,الحزم,أرض,land,تجاري,commercial,8,45734000.0,14349.88,3094.49286846276,3571.43,2000.0
2024,2,الرياض,الرياض,الحزم,أرض,land,سكني,residential,15,11115342.21,6417.05,1638.32017917702,2000.0,1070.49
2024,2,الرياض,الرياض,الحزم,شقة,apartment,سكني,residential,65,31712701.63,9900.6013,3322.87490550639,4272.45,2276.41
2024,2,الرياض,الرياض,الحزم,فيلا,villa,سكني,residential,82,85145201.21,22010.11,4038.79529604254,4657.5,3527.16
2024,2,الرياض,الرياض,الحمراء,أرض,land,تجاري,commercial,4,30400000.0,3879.69,,,
2024,2,الرياض,الرياض,الحمراء,أرض,land,سكني,residential,13,61159400.0,12816.55,4626.2420241721,5029.83802216539,3393.94
2024,2,الرياض,الرياض,الحمراء,شقة,apartment,سكني,residential,70,68575850.23,10247.287,6588.60563682574,7438.66,4746.81
2024,2,الرياض,الرياض,الحمراء,فيلا,villa,سكني,residential,14,45647022.0,7401.46,6305.63563981513,7400.18,4333.33333333333
2024,2,الرياض,الرياض,الخالدية,أرض,land,تجاري,commercial,5,6075000.0,1868.25,,,
2024,2,الرياض,الرياض,الخالدية,أرض,land,سكني,residential,4,5069999.97,1618.87,,,
2024,2,الرياض,الرياض,الخالدية,فيلا,villa,سكني,residential,9,6381999.0,1846.7,3438.86848424919,3499.52,3260.76
2024,2,الرياض,الرياض,الخزامى,أرض,land,تجاري,commercial,40,1253514720.97,92340.008,12182.581507617,17114.03,8945.81
2024,2,الرياض,الرياض,الخزامى,أرض,land,سكني,residential,262,4094741101.37,299223.7347,12673.1358866401,15569.67,9113.91
2024,2,الرياض,الرياض,الخزامى,شقة,apartment,سكني,residential,125,187024152.21,16934.77,10836.4680557997,12590.23,10465.87
2024,2,الرياض,الرياض,الخزامى,فيلا,villa,سكني,residential,1,6046527.2,500.0,,,
2024,2,الرياض,الرياض,الخليج,أرض,land,تجاري,commercial,5,18824750.0,4917.5,,,
2024,2,الرياض,الرياض,الخليج,أرض,land,سكني,residential,23,42530533.85,15169.37,2999.80667476852,3400.66,2400.0
2024,2,الرياض,الرياض,الخليج,شقة,apartment,سكني,residential,48,34397620.0,6595.31,5105.99522073286,5590.06,4866.97
2024,2,الرياض,الرياض,الخليج,فيلا,villa,سكني,residential,28,50401434.0,12796.51,4465.27674248071,6480.0,3800.0
2024,2,الرياض,الرياض,الخير,أرض,land,تجاري,commercial,53,125890000.0,46945.37,2536.71334748964,3312.5,1976.2
2024,2,الرياض,الرياض,الخير,أرض,land,سكني,residential,954,936720572.86,554124.537,1690.66042140793,1950.26,1443.26650572058
2024,2,الرياض,الرياض,الدار البيضاء,أرض,land,تجاري,commercial,24,94602064.0,70769.95,1810.45467665845,2800.0,1499.23
2024,2,الرياض,الرياض,الدار البيضاء,أرض,land,سكني,residential,26,15064656.98,11910.27,1387.94616750943,1666.67,979.38
2024,2,الرياض,الرياض,الدار البيضاء,شقة,apartment,سكني,residential,103,43179634.9,14682.18,2943.92475997424,3462.95,2392.38
2024,2,الرياض,الرياض,الدار البيضاء,فيلا,villa,سكني,residential,120,92854107.83,32465.645,2978.96991715811,3832.89,2395.83
2024,2,الرياض,الرياض,الدريهمية,أرض,land,تجاري,commercial,1,8000000.0,2487.5,,,
2024,2,الرياض,الرياض,الدريهمية,أرض,land,سكني,residential,8,9889600.0,4230.0,2339.62264150943,3000.0,2000.0
2024,2,الرياض,الرياض,الدريهمية,شقة,apartment,سكني,residential,18,9404817.19,2647.72,3575.41336554517,3773.34,3400.0
2024,2,الرياض,الرياض,الدريهمية,فيلا,villa,سكني,residential,1,635000.0,135.39,,,
2024,2,الرياض,الرياض,الدفاع,أرض,land,سكني,residential,2,2530000.0,2160.0,,,
2024,2,الرياض,الرياض,الديرة,أرض,land,سكني,residential,1,175000.0,56.58,,,
2024,2,الرياض,الرياض,الديرة,عمارة,building,سكني,residential,1,5394350.0,829.9,,,
2024,2,الرياض,الرياض,الديرة,فيلا,villa,سكني,residential,1,300000.0,250.0,,,
2024,2,الرياض,الرياض,الرائد,أرض,land,سكني,residential,10,32380181.92,9195.0,2107.99778159509,7500.0,2.22
2024,2,الرياض,الرياض,الرائد,شقة,apartment,سكني,residential,36,45317743.63,4557.08,9276.42577087215,10995.65,8474.01
2024,2,الرياض,الرياض,الرائد,فيلا,villa,سكني,residential,5,21747780.0,2366.42,,,
2024,2,الرياض,الرياض,الراية,أرض,land,سكني,residential,20,9250000.0,18607.25,499.267578125,537.634408602151,466.666666666667
2024,2,الرياض,الرياض,الربوة,أرض,land,تجاري,commercial,7,96536865.0,15649.8,5975.75972316148,6524.58,4200.0
2024,2,الرياض,الرياض,الربوة,أرض,land,سكني,residential,41,77328632.28,21935.0245,3460.32147160657,3653.98,3279.21
2024,2,الرياض,الرياض,الربوة,شقة,apartment,سكني,residential,6,5616360.0,726.86,7989.05325443787,8112.96,7901.06
2024,2,الرياض,الرياض,الربوة,فيلا,villa,سكني,residential,19,64891500.0,11179.105,5778.41426214869,9371.43,4615.2
2024,2,الرياض,الرياض,الربيع,أرض,land,تجاري,commercial,1,6800000.0,750.0,,,
2024,2,الرياض,الرياض,الربيع,أرض,land,سكني,residential,13,33741502.24,6297.96,3569.0412652955,4814.97,2170.45
2024,2,الرياض,الرياض,الربيع,شقة,apartment,سكني,residential,7,11810000.0,1172.72,9350.70284743319,11098.16,6151.26
2024,2,الرياض,الرياض,الربيع,فيلا,villa,سكني,residential,10,39461638.0,4356.45,8353.21655430949,12401.42,6646.15384615385
2024,2,الرياض,الرياض,الرحمانية,أرض,land,سكني,residential,4,24130000.0,3580.82,,,
2024,2,الرياض,الرياض,الرحمانية,فيلا,villa,سكني,residential,10,53200000.0,4378.01,12819.6158177809,15400.0,11118.59
2024,2,الرياض,الرياض,الرسالة,أرض,land,سكني,residential,13,8620000.0,23316.61,367.672894805637,441.706951976639,341.463414634146
2024,2,الرياض,الرياض,الرفيعة,أرض,land,تجاري,commercial,3,62365727.0,16117.82,,,
2024,2,الرياض,الرياض,الرفيعة,أرض,land,سكني,residential,8,9385875.0,2793.09,3572.31920199501,4200.0,3144.65
2024,2,الرياض,الرياض,الرفيعة,شقة,apartment,سكني,residential,4,3065000.0,303.68,,,
2024,2,الرياض,الرياض,الرفيعة,فيلا,villa,سكني,residential,19,55297666.5,9661.73,6204.02140731732,6462.28,5789.25
2024,2,الرياض,الرياض,الرمال,أرض,land,تجاري,commercial,62,2536825491.7,2060644.605,1986.08921367433,3549.9,1868.45
2024,2,الرياض,الرياض,الرمال,أرض,land,سكني,residential,211,461663626.98,214021.0033,2846.02242479208,3100.0,2400.02
2024,2,الرياض,الرياض,الرمال,شقة,apartment,سكني,residential,242,171735646.31,32427.02,5219.72563250121,6076.3,4416.08
2024,2,الرياض,الرياض,الرمال,فيلا,villa,سكني,residential,306,424318557.5,90235.385,4682.24740394189,6083.62,3660.39
2024,2,الرياض,الرياض,الروابي,أرض,land,تجاري,commercial,5,41800000.0,6435.645,,,
2024,2,الرياض,الرياض,الروابي,أرض,land,سكني,residential,15,33358600.0,8289.41,4052.58805258097,4583.33,3397.75
2024,2,الرياض,الرياض,الروابي,شقة,apartment,سكني,residential,11,9253450.0,1581.723,6247.67083960194,6695.58,5774.95
2024,2,الرياض,الرياض,الروابي,فيلا,villa,سكني,residential,5,8948000.0,1601.87,,,
2024,2,الرياض,الرياض,الروضة,أرض,land,تجاري,commercial,6,75230000.0,16042.0,4374.10071942446,5333.33,4307.69
2024,2,الرياض,الرياض,الروضة,أرض,land,سكني,residential,20,45587296.0,13686.69,3539.55349760212,3888.89,2955.56
2024,2,الرياض,الرياض,الروضة,شقة,apartment,سكني,residential,29,24623750.0,3707.09,6157.48546061993,7411.3,5211.2
2024,2,الرياض,الرياض,الروضة,فيلا,villa,سكني,residential,24,47457872.0,8532.87,5767.60294923302,6555.75,5289.7
2024,2,الرياض,الرياض,الريان,أرض,land,تجاري,commercial,10,192800107.76,48995.7,5279.09841376487,6500.0,4445.3
2024,2,الرياض,الرياض,الريان,أرض,land,سكني,residential,15,38913335.48,8356.37,5031.62853297443,5500.0,4700.0
2024,2,الرياض,الرياض,الريان,شقة,apartment,سكني,residential,48,48775450.09,6262.53,7298.93417679067,8523.34,6551.98
2024,2,الرياض,الرياض,الريان,فيلا,villa,سكني,residential,5,8250000.0,1217.44,,,
2024,2,الرياض,الرياض,الزاهر,أرض,land,سكني,residential,103,68054500.0,103345.86,664.984914896256,763.440860215054,578.703703703704
2024,2,الرياض,الرياض,الزهراء,أرض,land,سكني,residential,7,15208040.0,3230.16,4199.68124721469,4700.0,3759.26
2024,2,الرياض,الرياض,الزهرة,أرض,land,تجاري,commercial,5,9925000.0,3404.0,,,
2024,2,الرياض,الرياض,الزهرة,أرض,land,سكني,residential,15,16549762.55,6995.6,2319.08482240338,4900.0,1660.0
2024,2,الرياض,الرياض,الزهرة,شقة,apartment,سكني,residential,19,10805473.0,2701.46,3719.63934917198,4716.98,3119.39
2024,2,الرياض,الرياض,الزهرة,فيلا,villa,سكني,residential,22,19491674.0,6185.93,4095.83516024913,4501.25,3776.84
2024,2,الرياض,الرياض,السحاب,أرض,land,سكني,residential,63,27419448.0,19224.54,1368.47826086957,1666.67,1300.0
2024,2,الرياض,الرياض,السعادة,أرض,land,تجاري,commercial,5,18353369.0,5579.39,,,
2024,2,الرياض,الرياض,السعادة,أرض,land,سكني,residential,162,147711039.0,52408.84,2566.36918537147,2800.0,2490.8
2024,2,الرياض,الرياض,السعادة,شقة,apartment,سكني,residential,80,62062749.34,13782.47,4454.74253816888,5333.33,4022.23
2024,2,الرياض,الرياض,السعادة,فيلا,villa,سكني,residential,32,28287291.23,6318.8,4591.20674049325,5012.13,4101.33
2024,2,الرياض,الرياض,السلام,أرض,land,تجاري,commercial,6,21912500.0,5116.25,4093.75,4166.67,4000.0
2024,2,الرياض,الرياض,السلام,أرض,land,سكني,residential,18,29234214.14,9723.6,3248.22295881565,3492.06,2700.0
2024,2,الرياض,الرياض,السلام,شقة,apartment,سكني,residential,7,4832500.0,928.06,5707.62786856233,6333.99,5421.83
2024,2,الرياض,الرياض,السلام,فيلا,villa,سكني,residential,8,15835650.0,2988.62,4796.59662110585,6278.78,4307.69
2024,2,الرياض,الرياض,السلي,أرض,land,تجاري,commercial,34,301914188.4,364907.95,1427.44464729052,2111.11,675.0
2024,2,الرياض,الرياض,السلي,أرض,land,سكني,residential,17,41911500.0,18592.97,2209.89138916962,3367.0,1338.89
2024,2,الرياض,الرياض,السلي,شقة,apartment,سكني,residential,5,2726799.0,693.26,,,
2024,2,الرياض,الرياض,السلي,فيلا,villa,سكني,residential,4,4305000.0,1131.62,,,
2024,2,الرياض,الرياض,السليمانية,أرض,land,تجاري,commercial,9,128610000.0,27474.12,8843.53741496599,9600.0,8125.0
2024,2,الرياض,الرياض,السليمانية,أرض,land,سكني,residential,16,69797557.42,14794.51,5355.39769754055,5600.0,5049.65
2024,2,الرياض,الرياض,السليمانية,شقة,apartment,سكني,residential,42,47545810.0,4822.28,9557.82283515628,11032.32,8929.26
2024,2,الرياض,الرياض,السليمانية,فيلا,villa,سكني,residential,37,133983390.0,17334.42,7073.88231724122,9683.96,5920.0
2024,2,الرياض,الرياض,السويدي,أرض,land,تجاري,commercial,8,11668750.0,4741.45,2415.93750505426,2800.0,1998.08
2024,2,الرياض,الرياض,السويدي,أرض,land,سكني,residential,15,8120000.0,7345.25,1265.36074948291,1560.15,820.51
2024,2,الرياض,الرياض,السويدي,شقة,apartment,سكني,residential,19,10594335.18,2823.18,3966.86437509663,4347.23,3363.83
2024,2,الرياض,الرياض,السويدي,فيلا,villa,سكني,residential,64,59407904.57,21766.54,2585.17411852018,4193.97,1638.1
2024,2,الرياض,الرياض,السويدي الغربي,أرض,land,تجاري,commercial,5,9360000.0,3970.0,,,
2024,2,الرياض,الرياض,السويدي الغربي,أرض,land,سكني,residential,20,20278078.44,10950.22,2644.3006878326,4448.0,2051.28
2024,2,الرياض,الرياض,السويدي الغربي,شقة,apartment,سكني,residential,5,2925000.0,732.63,,,
2024,2,الرياض,الرياض,السويدي الغربي,فيلا,villa,سكني,residential,12,16104000.0,6264.83,2627.24567479159,4971.19,2233.33333333333
2024,2,الرياض,الرياض,الشرفية,أرض,land,سكني,residential,4,29102300.0,7855.35,,,
2024,2,الرياض,الرياض,الشعلة,أرض,land,سكني,residential,130,45294000.0,103313.39,444.365706500614,550.0,340.0
2024,2,الرياض,الرياض,الشفا,أرض,land,تجاري,commercial,11,20235666.0,10588.13,1868.13996316759,2166.67,1800.0
2024,2,الرياض,الرياض,الشفا,أرض,land,سكني,residential,44,40481774.5,25232.68,1512.51007590326,1939.39,1198.22
2024,2,الرياض,الرياض,الشفا,شقة,apartment,سكني,residential,12,6587852.77,2088.56,3482.78810556905,3784.48,3113.54
2024,2,الرياض,الرياض,الشفا,فيلا,villa,سكني,residential,61,49737534.74,13345.53,3740.91176322037,4300.93,3333.33
2024,2,الرياض,الرياض,الشميسي,أرض,land,تجاري,commercial,2,700000.0,395.75,,,
2024,2,الرياض,الرياض,الشميسي,أرض,land,سكني,residential,14,1779000.0,1595.82,996.994567102069,1195.79,765.96
2024,2,الرياض,الرياض,الشميسي,شقة,apartment,سكني,residential,1,150000.0,152.7,,,
2024,2,الرياض,الرياض,الشميسي,فيلا,villa,سكني,residential,9,5912000.0,1294.55,4466.15127455077,5383.9,3571.43
2024,2,الرياض,الرياض,الشهداء,أرض,land,تجاري,commercial,2,19925000.0,3150.0,,,
2024,2,الرياض,الرياض,الشهداء,أرض,land,سكني,residential,4,7509000.0,1295.0,,,
2024,2,الرياض,الرياض,الشهداء,شقة,apartment,سكني,residential,22,20697762.0,2902.38,7294.8446381688,7936.66,6584.29
2024,2,الرياض,الرياض,الشهداء,فيلا,villa,سكني,residential,4,14075000.0,1976.0,,,
2024,2,الرياض,الرياض,الصالحية,أرض,land,سكني,residential,3,2090000.0,400.75,,,
2024,2,الرياض,الرياض,الصحافة,أرض,land,تجاري,commercial,8,465662325.0,14411.2,21654.5842217484,24500.0,18000.0
2024,2,الرياض,الرياض,الصحافة,أرض,land,سكني,residential,12,53442289.64,9595.0,5956.02479659047,7000.0,5333.33
2024,2,الرياض,الرياض,الصحافة,شقة,apartment,سكني,residential,24,29408364.0,3161.75,9162.92858212307,11860.1,6459.48
2024,2,الرياض,الرياض,الصحافة,فيلا,villa,سكني,residential,21,352093400.0,21012.99,9057.75931755216,12222.22,6740.19607843137
2024,2,الرياض,الرياض,الصفا,أرض,land,تجاري,commercial,28,217429171.0,63203.19,3436.89475999049,3500.0,3250.0
2024,2,الرياض,الرياض,الصفا,أرض,land,سكني,residential,135,257262916.0,82181.73,3078.57158984353,3500.0,2973.96
2024,2,الرياض,الرياض,الصفا,فيلا,villa,سكني,residential,23,38982281.0,6106.29,6383.95506928102,9900.0,4284.48
2024,2,الرياض,الرياض,الصناعية,أرض,land,تجاري,commercial,1,3650000.0,283.47,,,
2024,2,الرياض,الرياض,الصناعية,أرض,land,سكني,residential,6,33531958.0,8899.57,3678.29152264762,5000.0,187.66
2024,2,الرياض,الرياض,الضباط,أرض,land,سكني,residential,5,5593166.6,2159.5,,,
2024,2,الرياض,الرياض,الضباط,فيلا,villa,سكني,residential,13,76718300.0,12812.65,5656.26909150706,6335.0,4388.1
2024,2,الرياض,الرياض,العارض,أرض,land,تجاري,commercial,22,131167370.0,20587.9,6354.34869642032,6812.63,5675.86
2024,2,الرياض,الرياض,العارض,أرض,land,سكني,residential,91,301406940.6,62793.12,4618.40098280978,5300.0,3865.99
2024,2,الرياض,الرياض,العارض,شقة,apartment,سكني,residential,264,275392785.11,37079.78,7013.60047865948,8530.52,6156.26
2024,2,الرياض,الرياض,العارض,فيلا,villa,سكني,residential,187,450896586.16,53678.58,8581.41603552271,10048.0,7028.16
2024,2,الرياض,الرياض,العريجاء,أرض,land,تجاري,commercial,1,2700000.0,840.0,,,
2024,2,الرياض,الرياض,العريجاء,أرض,land,سكني,residential,3,1626000.0,1020.0,,,
2024,2,الرياض,الرياض,العريجاء,شقة,apartment,سكني,residential,1,880000.0,326.74,,,
2024,2,الرياض,الرياض,العريجاء,فيلا,villa,سكني,residential,4,3326500.0,817.73,,,
2024,2,الرياض,الرياض,العريجاء الأوسط,أرض,land,تجاري,commercial,3,2920000.0,1200.0,,,
2024,2,الرياض,الرياض,العريجاء الأوسط,أرض,land,سكني,residential,20,20358400.0,4332.5,5094.04781533388,5765.0,4400.0
2024,2,الرياض,الرياض,العريجاء الأوسط,فيلا,villa,سكني,residential,9,8588000.0,2643.28,3222.26078907787,3371.79,2842.98
2024,2,الرياض,الرياض,العريجاء الغربي,أرض,land,تجاري,commercial,23,31886995.86,11925.0,2409.43396226415,3125.0,1750.0
2024,2,الرياض,الرياض,العريجاء الغربي,أرض,land,سكني,residential,113,125267668.02,44374.86,2533.78588283757,4500.0,1597.99
2024,2,الرياض,الرياض,العريجاء الغربي,شقة,apartment,سكني,residential,7,3536225.0,1039.77,3601.63410417822,4170.64,3027.77
2024,2,الرياض,الرياض,العريجاء الغربي,فيلا,villa,سكني,residential,17,16156944.0,6495.3,2529.07483271883,3576.71,1864.98
2024,2,الرياض,الرياض,العزيزية,أرض,land,تجاري,commercial,21,59401932.6,28873.28,2188.47354444428,2875.0,1449.35
2024,2,الرياض,الرياض,العزيزية,أرض,land,سكني,residential,79,115676557.66,91435.42,1808.04069101353,2943.97,1330.05
2024,2,الرياض,الرياض,العزيزية,شقة,apartment,سكني,residential,45,21086561.5,6500.7092,3032.99752579131,3454.45,2258.36
2024,2,الرياض,الرياض,العزيزية,فيلا,villa,سكني,residential,90,61785357.23,18138.46,3467.09125431956,4047.39,3064.55
2024,2,الرياض,الرياض,العقيق,أرض,land,تجاري,commercial,7,512175376.19,58955.94,10425.3735122816,11200.0,10000.0
2024,2,الرياض,الرياض,العقيق,أرض,land,سكني,residential,14,55171347.0,8823.12,6150.17835936682,6826.67,4545.41
2024,2,الرياض,الرياض,العقيق,شقة,apartment,سكني,residential,15,14975000.0,1910.3,8834.82610496228,10181.25,8139.62
2024,2,الرياض,الرياض,العقيق,فيلا,villa,سكني,residential,18,146957700.0,12753.15,8511.04196706382,10666.67,7410.52631578947
2024,2,الرياض,الرياض,العلا,أرض,land,سكني,residential,116,57145206.0,108407.28,564.824352815457,607.327641583256,511.968085106383
2024,2,الرياض,الرياض,العليا,أرض,land,تجاري,commercial,11,1681899351.0,52211.27,9887.97284190107,10000.0,9500.0
2024,2,الرياض,الرياض,العليا,أرض,land,سكني,residential,24,52414530.57,12322.84,4344.95182788568,5811.25,2000.0
2024,2,الرياض,الرياض,العليا,شقة,apartment,سكني,residential,21,49823008.0,2726.33,18980.0937032694,22020.84,14795.53
2024,2,الرياض,الرياض,العليا,فيلا,villa,سكني,residential,33,162693566.55,18385.825,7815.58388621255,11000.0,6250.0
2024,2,الرياض,الرياض,العمل,أرض,land,تجاري,commercial,1,5269540.0,2634.77,,,
2024,2,الرياض,الرياض,العمل,أرض,land,سكني,residential,3,7159980.0,6207.8,,,
2024,2,الرياض,الرياض,العوالي,أرض,land,تجاري,commercial,14,32356500.0,15723.66,2132.27813852814,2222.22,1797.62
2024,2,الرياض,الرياض,العوالي,أرض,land,سكني,residential,47,68136806.16,25809.567,2376.28478875952,2800.0,2000.0
2024,2,الرياض,الرياض,العوالي,شقة,apartment,سكني,residential,86,48948611.0,13276.15,3805.31197892251,4478.72,3286.13
2024,2,الرياض,الرياض,العوالي,فيلا,villa,سكني,residential,21,22764050.0,5798.06,4013.04789388291,4597.7,3575.1
2024,2,الرياض,الرياض,العود,أرض,land,تجاري,commercial,1,1000000.0,413.0,,,
2024,2,الرياض,الرياض,العود,أرض,land,سكني,residential,14,13467677.84,3759.0,3509.88219041406,5000.0,1021.19
2024,2,الرياض,الرياض,العود,عمارة,building,سكني,residential,1,525000.0,89.91,,,
2024,2,الرياض,الرياض,الغدير,أرض,land,تجاري,commercial,3,54250000.0,6922.5,,,
2024,2,الرياض,الرياض,الغدير,أرض,land,سكني,residential,75,85301500.0,66832.21,451.775309957934,555.56,335.97
2024,2,الرياض,الرياض,الغدير,شقة,apartment,سكني,residential,5,5300000.0,616.16,,,
2024,2,الرياض,الرياض,الغنامية,أرض,land,تجاري,commercial,1,1875000.0,1023.2,,,
2024,2,الرياض,الرياض,الغنامية,أرض,land,سكني,residential,44,6437631.41,13289.11,536.459745188398,625.0,437.5
2024,2,الرياض,الرياض,الغنامية,فيلا,villa,سكني,residential,27,27023441.76,21093.916,1065.61963241142,1910.69,750.0
2024,2,الرياض,الرياض,الفاخرية,أرض,land,سكني,residential,4,5710000.0,1728.65,,,
2024,2,الرياض,الرياض,الفاروق,أرض,land,تجاري,commercial,7,36702163.95,17150.6,2294.94966989404,2500.0,2045.7
2024,2,الرياض,الرياض,الفاروق,أرض,land,سكني,residential,149,153849800.5,59830.17,2156.18878360504,7000.0,2000.0
2024,2,الرياض,الرياض,الفاروق,فيلا,villa,سكني,residential,2,2700000.0,578.74,,,
2024,2,الرياض,الرياض,الفرسان,أرض,land,سكني,residential,12,5535000.0,10675.81,516.464667408064,549.052108152906,476.190476190476
2024,2,الرياض,الرياض,الفلاح,فيلا,villa,سكني,residential,2,10950000.0,1287.645,,,
2024,2,الرياض,الرياض,الفيحاء,أرض,land,تجاري,commercial,5,22313334.0,6870.22,,,
2024,2,الرياض,الرياض,الفيحاء,أرض,land,سكني,residential,4,6366207.19,2857.0,,,
2024,2,الرياض,الرياض,الفيحاء,شقة,apartment,سكني,residential,5,2945000.0,668.82,,,
2024,2,الرياض,الرياض,الفيحاء,فيلا,villa,سكني,residential,9,13248500.0,2465.76,5204.04799980468,6805.56,4243.33
2024,2,الرياض,الرياض,الفيصلية,أرض,land,تجاري,commercial,5,11721550.0,5091.29,,,
2024,2,الرياض,الرياض,الفيصلية,أرض,land,سكني,residential,12,49545188.0,20858.21,1350.96215678464,2000.0,1000.0
2024,2,الرياض,الرياض,القادسية,أرض,land,تجاري,commercial,19,80104670.0,24681.08,2831.61661138625,3450.0,2750.0
2024,2,الرياض,الرياض,القادسية,أرض,land,سكني,residential,23,35214189.17,12650.22,2775.85482667868,2800.0,2425.32
2024,2,الرياض,الرياض,القادسية,شقة,apartment,سكني,residential,44,31555477.33,6156.32,5138.86911860824,6078.5,4526.25
2024,2,الرياض,الرياض,القادسية,فيلا,villa,سكني,residential,23,34455614.3,6868.48,4959.26506484367,5817.22,4480.29
2024,2,الرياض,الرياض,القدس,أرض,land,تجاري,commercial,4,44490000.0,6560.0,,,
2024,2,الرياض,الرياض,القدس,أرض,land,سكني,residential,7,13241823.0,3817.55,4447.76360635356,5100.0,4166.67
2024,2,الرياض,الرياض,القدس,شقة,apartment,سكني,residential,44,42206804.02,6128.28,6716.84540700476,8037.09,5982.33255059823
2024,2,الرياض,الرياض,القدس,فيلا,villa,سكني,residential,6,18738666.0,3124.76,6110.33634126333,7490.63670411985,5367.08860759494
2024,2,الرياض,الرياض,القيروان,أرض,land,تجاري,commercial,5,188655040.0,12425.68,,,
2024,2,الرياض,الرياض,القيروان,أرض,land,سكني,residential,21,71060620.0,11453.07,6416.06921997489,7000.0,3750.0
2024,2,الرياض,الرياض,القيروان,شقة,apartment,سكني,residential,76,87428294.5,10144.56,8406.1902747746,9598.07,7394.46
2024,2,الرياض,الرياض,القيروان,فيلا,villa,سكني,residential,25,88913242.0,9951.478,10053.3815560545,12095.2380952381,8000.0
2024,2,الرياض,الرياض,المؤتمرات,أرض,land,سكني,residential,1,6500000.0,1339.5,,,
2024,2,الرياض,الرياض,المحمدية,أرض,land,تجاري,commercial,5,264610000.0,11045.0,,,
2024,2,الرياض,الرياض,المحمدية,أرض,land,سكني,residential,4,38970000.0,5190.0,,,
2024,2,الرياض,الرياض,المحمدية,شقة,apartment,سكني,residential,19,26621000.0,2534.56,10282.5025504148,11316.27,9506.43
2024,2,الرياض,الرياض,المحمدية,فيلا,villa,سكني,residential,11,73706900.0,6257.53,13756.3512750598,14814.81,12270.27
2024,2,الرياض,الرياض,المدينة الصناعية الجديدة,أرض,land,تجاري,commercial,5,165730000.0,46654.17,,,
2024,2,الرياض,الرياض,المدينة الصناعية الجديدة,فيلا,villa,سكني,residential,2,6240000.0,4800.0,,,
2024,2,الرياض,الرياض,المربع,أرض,land,تجاري,commercial,3,10516000.0,2470.0,,,
2024,2,الرياض,الرياض,المربع,أرض,land,سكني,residential,10,17542377.5,6322.89,3750.19410770511,5000.0,2477.84
2024,2,الرياض,الرياض,المربع,شقة,apartment,سكني,residential,3,2033730.06,365.1,,,
2024,2,الرياض,الرياض,المربع,فيلا,villa,سكني,residential,1,13878950.4,1204.77,,,
2024,2,الرياض,الرياض,المرسلات,أرض,land,تجاري,commercial,2,3050001.0,1400.0,,,
2024,2,الرياض,الرياض,المرسلات,أرض,land,سكني,residential,4,10560000.0,2555.87,,,
2024,2,الرياض,الرياض,المرسلات,فيلا,villa,سكني,residential,8,23097500.0,3337.0,6783.87096774194,6800.0,6758.33
2024,2,الرياض,الرياض,المرقب,أرض,land,تجاري,commercial,1,11000000.0,810.59,,,
2024,2,الرياض,الرياض,المرقب,أرض,land,سكني,residential,7,1320000.0,618.35,919.745624638671,2631.95,472.81
2024,2,الرياض,الرياض,المرقب,عمارة,building,سكني,residential,3,9700000.0,2289.71,,,
2024,2,الرياض,الرياض,المروة,أرض,land,تجاري,commercial,7,18197000.0,8458.0,2313.18160265529,3727.27,1501.85
2024,2,الرياض,الرياض,المروة,أرض,land,سكني,residential,7,5798000.0,3753.0,1993.7984496124,2371.43,1714.29
2024,2,الرياض,الرياض,المروة,شقة,apartment,سكني,residential,9,3765741.06,1614.1866,2725.18356186246,3092.53,2226.4
2024,2,الرياض,الرياض,المروة,فيلا,villa,سكني,residential,3,3189540.0,1266.49,,,
2024,2,الرياض,الرياض,المروج,أرض,land,تجاري,commercial,5,93169233.0,8077.6,,,
2024,2,الرياض,الرياض,المروج,أرض,land,سكني,residential,8,37155000.0,5813.0,6578.62780813601,7308.97,5856.64
2024,2,الرياض,الرياض,المروج,شقة,apartment,سكني,residential,13,13497943.63,1460.65,8553.08180958062,12147.08,7291.35
2024,2,الرياض,الرياض,المروج,فيلا,villa,سكني,residential,6,23126001.0,3033.46,9448.8078344316,9623.38,9331.66
2024,2,الرياض,الرياض,المشاعل,أرض,land,سكني,residential,5,7880000.0,3800.0,,,
2024,2,الرياض,الرياض,المشاعل,أرض,land,تجاري,commercial,14,74414454.0,126283.31,1500.87014531427,1506.28,1500.0
2024,2,الرياض,الرياض,المشرق,أرض,land,سكني,residential,86,58028000.0,100314.46,610.506302437487,738.095238095238,500.0
2024,2,الرياض,الرياض,المصانع,أرض,land,تجاري,commercial,7,34285935.5,22021.731,1556.91373670853,2200.0,1148.03
2024,2,الرياض,الرياض,المصانع,أرض,land,سكني,residential,9,17186865.0,14596.74,885.673059382327,1578.76,500.0
2024,2,الرياض,الرياض,المصفاة,أرض,land,تجاري,commercial,11,245610206.66,936042.075,967.618890042638,1466.67,850.0
2024,2,الرياض,الرياض,المصفاة,أرض,land,سكني,residential,149,570050330.5,1955058.469,826.827274071735,1333.56,451.91
2024,2,الرياض,الرياض,المصيف,أرض,land,تجاري,commercial,3,40125000.0,4799.7,,,
2024,2,الرياض,الرياض,المصيف,أرض,land,سكني,residential,6,26867257.44,6135.0,4950.22222222222,5297.62,4800.0
2024,2,الرياض,الرياض,المصيف,شقة,apartment,سكني,residential,3,3098000.0,340.67,,,
2024,2,الرياض,الرياض,المصيف,فيلا,villa,سكني,residential,7,19907000.0,2915.31,7555.78984361272,8012.53,7272.73
2024,2,الرياض,الرياض,المعذر,أرض,land,تجاري,commercial,7,126826070.0,22001.03,10145.4409621293,10518.22,6948.59
2024,2,الرياض,الرياض,المعذر,أرض,land,سكني,residential,17,98417340.0,15195.96,6332.1204055049,9815.84,4376.54
2024,2,الرياض,الرياض,المعذر,شقة,apartment,سكني,residential,3,3999000.0,361.18,,,
2024,2,الرياض,الرياض,المعيزيلة,أرض,land,تجاري,commercial,5,278682231.0,308257.58,,,
2024,2,الرياض,الرياض,المعيزيلة,أرض,land,سكني,residential,108,90251438.98,33412.2,2808.38166168226,2900.0,2200.0
2024,2,الرياض,الرياض,المعيزيلة,شقة,apartment,سكني,residential,4,2890000.0,642.13,,,
2024,2,الرياض,الرياض,المعيزيلة,فيلا,villa,سكني,residential,12,14399895.81,4304.22,4567.4050438731,5138.88888888889,3824.97
2024,2,الرياض,الرياض,الملز,أرض,land,تجاري,commercial,12,69341000.0,10370.01,5775.9615158245,8800.0,4072.43
2024,2,الرياض,الرياض,الملز,أرض,land,سكني,residential,19,23924777.8,9984.2,2469.59419128529,2814.57,1950.0
2024,2,الرياض,الرياض,الملز,شقة,apartment,سكني,residential,13,6202843.0,1350.97,4423.157782708,5671.24,3229.05
2024,2,الرياض,الرياض,الملز,فيلا,villa,سكني,residential,18,46911407.0,9161.42,4942.14186867723,5715.59,4166.67
2024,2,الرياض,الرياض,الملقا,أرض,land,تجاري,commercial,5,67800000.0,6629.71,,,
2024,2,الرياض,الرياض,الملقا,أرض,land,سكني,residential,26,130363004.47,17412.95,7503.46279390036,8500.0,4897.96
2024,2,الرياض,الرياض,الملقا,شقة,apartment,سكني,residential,231,268901691.32,28885.26,9126.19137851873,10765.99,7202.86
2024,2,الرياض,الرياض,الملقا,فيلا,villa,سكني,residential,118,862936088.34,64074.8683,12995.07033743,16007.37,10090.26
2024,2,الرياض,الرياض,الملك سلمان,أرض,land,تجاري,commercial,1,1000000.0,468.82,,,
2024,2,الرياض,الرياض,الملك سلمان,أرض,land,سكني,residential,8,27586600.0,4603.89,6287.47042078228,6971.88008366256,6000.0
2024,2,الرياض,الرياض,الملك سلمان,شقة,apartment,سكني,residential,8,10441000.0,1033.81,10172.4589305583,11286.04,9200.03
2024,2,الرياض,الرياض,الملك سلمان,فيلا,villa,سكني,residential,4,14427000.0,2346.0,,,
2024,2,الرياض,الرياض,الملك عبدالعزيز,أرض,land,تجاري,commercial,4,481394162.14,119395.79,,,
2024,2,الرياض,الرياض,الملك عبدالعزيز,أرض,land,سكني,residential,3,6075782.64,1725.0,,,
2024,2,الرياض,الرياض,الملك عبدالله,أرض,land,سكني,residential,6,16728370.35,2648.5,6521.97802197802,7962.96,5312.0
2024,2,الرياض,الرياض,الملك عبدالله,شقة,apartment,سكني,residential,2,1035122.0,320.15,,,
2024,2,الرياض,الرياض,الملك عبدالله,فيلا,villa,سكني,residential,2,2150000.0,484.0,,,
2024,2,الرياض,الرياض,الملك فهد,أرض,land,تجاري,commercial,2,10899000.0,1326.0,,,
2024,2,الرياض,الرياض,الملك فهد,أرض,land,سكني,residential,6,58306616.58,13196.7,3394.81694624709,3564.0,3276.14
2024,2,الرياض,الرياض,الملك فهد,شقة,apartment,سكني,residential,4,4095000.0,412.24,,,
2024,2,الرياض,الرياض,الملك فهد,فيلا,villa,سكني,residential,13,37012803.0,5512.33,7169.92306000256,10000.0,5208.33333333333
2024,2,الرياض,الرياض,الملك فيصل,أرض,land,تجاري,commercial,2,39100000.0,3750.0,,,
2024,2,الرياض,الرياض,الملك فيصل,أرض,land,سكني,residential,10,14109145.12,5256.25,2750.90223873874,4000.0,1537.5
2024,2,الرياض,الرياض,الملك فيصل,شقة,apartment,سكني,residential,61,47418033.0,8847.11,5515.0056828072,5949.59,5094.2
2024,2,الرياض,الرياض,الملك فيصل,فيلا,villa,سكني,residential,19,32948000.0,4916.7,6826.53442478177,8200.0,5635.39
2024,2,الرياض,الرياض,المناخ,أرض,land,تجاري,commercial,9,12509000.0,7835.0,1562.10350584307,1800.0,1400.0
2024,2,الرياض,الرياض,المناخ,أرض,land,سكني,residential,18,15085877.0,10069.322,1399.06326752891,1680.0,1255.04
2024,2,الرياض,الرياض,المنار,أرض,land,تجاري,commercial,4,22822500.0,5347.0,,,
2024,2,الرياض,الرياض,المنار,أرض,land,سكني,residential,2,2224028.75,812.5,,,
2024,2,الرياض,الرياض,المنار,شقة,apartment,سكني,residential,20,15952775.0,2736.77,5827.44542223727,7058.82,5134.7
2024,2,الرياض,الرياض,المنار,فيلا,villa,سكني,residential,10,22967500.0,4523.91,5230.18822683131,6376.53,4900.0
2024,2,الرياض,الرياض,المنصورة (خنشليلة),أرض,land,تجاري,commercial,14,99952201.54,26151.82,3663.28633465885,4062.0,2728.0
2024,2,الرياض,الرياض,المنصورة (خنشليلة),أرض,land,سكني,residential,23,24376330.0,11423.45,2331.42295726216,2840.91,1750.0
2024,2,الرياض,الرياض,المنصورة (خنشليلة),شقة,apartment,سكني,residential,3,1347893.0,425.758,,,
2024,2,الرياض,الرياض,المنصورة (خنشليلة),فيلا,villa,سكني,residential,2,1300000.0,487.67,,,
2024,2,الرياض,الرياض,المنصورية,أرض,land,تجاري,commercial,5,26027500.0,26650.0,,,
2024,2,الرياض,الرياض,المنصورية,أرض,land,سكني,residential,1,6300000.0,6300.0,,,
2024,2,الرياض,الرياض,المهدية,أرض,land,تجاري,commercial,68,199668944.0,59359.53,3626.80528889505,4250.0,3161.29
2024,2,الرياض,الرياض,المهدية,أرض,land,سكني,residential,109,148570020.22,57750.176,2695.69849887827,3066.67,2138.43
2024,2,الرياض,الرياض,المهدية,شقة,apartment,سكني,residential,102,78632107.0,15160.04,5123.16969705294,5590.27,4621.93
2024,2,الرياض,الرياض,المهدية,عمارة,building,سكني,residential,3,1482613.51,161.11,,,
2024,2,الرياض,الرياض,المهدية,فيلا,villa,سكني,residential,265,491525858.0,98620.908,4709.21569515924,5841.73,3879.94
2024,2,الرياض,الرياض,المونسية,أرض,land,تجاري,commercial,15,356042151.0,80993.92,5539.09390939094,6000.0,3800.0
2024,2,الرياض,الرياض,المونسية,أرض,land,سكني,residential,47,103434566.55,31871.18,3485.47272627968,4444.44,2640.0
2024,2,الرياض,الرياض,المونسية,شقة,apartment,سكني,residential,138,122779661.0,21020.02,5679.69780828399,6663.97,5043.67
2024,2,الرياض,الرياض,المونسية,فيلا,villa,سكني,residential,142,287955794.03,40959.72,7179.991774447,8127.93,6275.08
2024,2,الرياض,الرياض,الناصرية,أرض,land,سكني,residential,5,3282668.0,853.4,,,
2024,2,الرياض,الرياض,النخبة,أرض,land,سكني,residential,67,30371465.0,70520.23,467.266352933333,505.93,427.35
2024,2,الرياض,الرياض,النخيل,أرض,land,تجاري,commercial,16,297070006.7,23548.36,14818.4116912739,18912.34,12643.68
2024,2,الرياض,الرياض,النخيل,أرض,land,سكني,residential,20,168683178.02,19223.8,9377.70953773452,10546.13,6831.48
2024,2,الرياض,الرياض,النخيل,شقة,apartment,سكني,residential,39,60305562.65,5980.825,9888.25420496289,11763.65,9165.5
2024,2,الرياض,الرياض,النخيل,فيلا,villa,سكني,residential,44,267713911.32,19429.58,13135.1929821272,14600.54,12235.09
2024,2,الرياض,الرياض,الندوة,أرض,land,تجاري,commercial,1,1703083.0,1200.0,,,
2024,2,الرياض,الرياض,الندوة,أرض,land,سكني,residential,26,20303950.3,10298.8,2234.44520113012,2250.0,2200.0
2024,2,الرياض,الرياض,الندوة,فيلا,villa,سكني,residential,2,2018200.0,528.68,,,
2024,2,الرياض,الرياض,الندى,أرض,land,تجاري,commercial,10,173575448.0,20179.53,8143.18551768362,8200.0,7896.81
2024,2,الرياض,الرياض,الندى,أرض,land,سكني,residential,12,31316475.27,7196.0,3466.48656867714,4615.38,3000.0
2024,2,الرياض,الرياض,الندى,شقة,apartment,سكني,residential,29,29360000.0,3298.32,8476.25901548062,10303.41,7747.11
2024,2,الرياض,الرياض,الندى,فيلا,villa,سكني,residential,4,34200000.0,2820.835,,,
2024,2,الرياض,الرياض,النرجس,أرض,land,تجاري,commercial,29,344200585.14,59354.21,6471.95693985341,8000.0,5300.0
2024,2,الرياض,الرياض,النرجس,أرض,land,سكني,residential,176,559763932.47,101960.199,5339.4239994361,6000.0,4658.39
2024,2,الرياض,الرياض,النرجس,شقة,apartment,سكني,residential,599,591661957.24,79560.2600000001,7142.35176955009,8221.13,6166.3
2024,2,الرياض,الرياض,النرجس,فيلا,villa,سكني,residential,339,1125576919.42,119912.63,9341.55850249863,12290.0,7000.0
2024,2,الرياض,الرياض,النزهة,أرض,land,تجاري,commercial,2,19200000.0,2820.0,,,
2024,2,الرياض,الرياض,النزهة,أرض,land,سكني,residential,2,5265280.0,834.7,,,
2024,2,الرياض,الرياض,النزهة,شقة,apartment,سكني,residential,42,50415700.0,5241.27,9495.78647056023,10094.04,9135.68
2024,2,الرياض,الرياض,النزهة,فيلا,villa,سكني,residential,10,51373000.0,6349.5,7849.05192712852,8600.0,7054.96308449549
2024,2,الرياض,الرياض,النسيم الشرقي,أرض,land,تجاري,commercial,12,33685000.0,11031.68,3164.75495307612,4021.74,2300.0
2024,2,الرياض,الرياض,النسيم الشرقي,أرض,land,سكني,residential,30,38928672.74,13841.28,2652.81739304079,4177.11,2080.0
2024,2,الرياض,الرياض,النسيم الشرقي,شقة,apartment,سكني,residential,8,5074000.0,1118.11,4391.91601799614,4592.56,4224.18
2024,2,الرياض,الرياض,النسيم الغربي,أرض,land,تجاري,commercial,25,90414000.0,28682.5,2501.48553557467,3692.31,1961.54
2024,2,الرياض,الرياض,النسيم الغربي,أرض,land,سكني,residential,53,45483914.73,26762.0,1909.09319055091,2200.0,1501.01
2024,2,الرياض,الرياض,النسيم الغربي,شقة,apartment,سكني,residential,2,950000.0,238.63,,,
2024,2,الرياض,الرياض,النسيم الغربي,فيلا,villa,سكني,residential,19,20411614.0,4474.51,4301.45822335453,4841.28,3596.15
2024,2,الرياض,الرياض,النظيم,أرض,land,تجاري,commercial,186,138743640.5,93708.17,1276.11802069731,1320.0,1048.22
2024,2,الرياض,الرياض,النظيم,أرض,land,سكني,residential,770,410052258.9,315053.59,1280.29622075306,1387.0,1200.0
2024,2,الرياض,الرياض,النظيم,شقة,apartment,سكني,residential,8,3770089.66,958.93,4223.90115224489,4690.47,3966.4
2024,2,الرياض,الرياض,النظيم,فيلا,villa,سكني,residential,11,17213148.0,3984.44,4023.72033795905,4392.0,3848.7
2024,2,الرياض,الرياض,النفل,أرض,land,تجاري,commercial,2,15831600.0,1805.0,,,
2024,2,الرياض,الرياض,النفل,أرض,land,سكني,residential,4,7740313.0,1703.74,,,
2024,2,الرياض,الرياض,النفل,شقة,apartment,سكني,residential,2,2245000.0,286.74,,,
2024,2,الرياض,الرياض,النفل,فيلا,villa,سكني,residential,10,35221925.0,3579.206,9941.21531086591,12307.69,7000.0
2024,2,الرياض,الرياض,النموذجية,فيلا,villa,سكني,residential,1,2750000.0,809.62,,,
2024,2,الرياض,الرياض,النهضة,أرض,land,تجاري,commercial,8,72121402.27,15078.08,3974.09520685171,4022.35,3862.4
2024,2,الرياض,الرياض,النهضة,أرض,land,سكني,residential,44,48730504.75,18678.1,2724.9956108594,3194.44,1804.27
2024,2,الرياض,الرياض,النهضة,شقة,apartment,سكني,residential,31,24814500.0,4835.53,4909.8458910255,5940.67,4276.38
2024,2,الرياض,الرياض,النهضة,فيلا,villa,سكني,residential,41,92217744.21,17241.41,5949.68612257744,6717.25,4943.43
2024,2,الرياض,الرياض,النور,أرض,land,سكني,residential,4,3456000.0,3249.25,,,
2024,2,الرياض,الرياض,الهدا,أرض,land,تجاري,commercial,1,139194540.0,23199.09,,,
2024,2,الرياض,الرياض,الهدا,أرض,land,سكني,residential,7,17651279.0,3837.88,4569.10064730481,5737.78,3588.56
2024,2,الرياض,الرياض,الهدا,فيلا,villa,سكني,residential,19,101946050.0,9292.19,10947.305498215,12666.67,9696.97
2024,2,الرياض,الرياض,الوادي,أرض,land,تجاري,commercial,1,78000000.0,6660.0,,,
2024,2,الرياض,الرياض,الوادي,أرض,land,سكني,residential,2,1574658.3,895.0,,,
2024,2,الرياض,الرياض,الوادي,شقة,apartment,سكني,residential,15,15108100.0,1918.91,7628.80193560516,8737.09,7064.45
2024,2,الرياض,الرياض,الوادي,فيلا,villa,سكني,residential,7,18815000.0,2121.71,9564.87025948104,10836.36,8275.86
2024,2,الرياض,الرياض,الورود,أرض,land,تجاري,commercial,1,32400000.0,2700.0,,,
2024,2,الرياض,الرياض,الورود,أرض,land,سكني,residential,3,16050000.0,2641.25,,,
2024,2,الرياض,الرياض,الورود,شقة,apartment,سكني,residential,2,3200000.0,341.11,,,
2024,2,الرياض,الرياض,الورود,فيلا,villa,سكني,residential,15,38860530.0,4179.42,9570.58443839049,12000.0,7866.94
2024,2,الرياض,الرياض,الوزارات,أرض,land,تجاري,commercial,1,1200000.0,101.25,,,
2024,2,الرياض,الرياض,الوزارات,أرض,land,سكني,residential,8,7375000.0,1099.0,7853.56695869837,9155.56,5333.33
2024,2,الرياض,الرياض,الوسام,أرض,land,تجاري,commercial,60,16382390.4,18659.38,884.96114477498,1050.0,800.0
2024,2,الرياض,الرياض,الوسام,أرض,land,سكني,residential,856,338892221.5,265826.83,1223.84094840336,1975.0,750.0
2024,2,الرياض,الرياض,الوشام,أرض,land,تجاري,commercial,1,27000000.0,6192.0,,,
2024,2,الرياض,الرياض,الوشام,عمارة,building,سكني,residential,1,3000000.0,734.16,,,
2024,2,الرياض,الرياض,الياسمين,أرض,land,تجاري,commercial,7,153171000.0,12501.11,9953.87911592242,12679.9,8500.0
2024,2,الرياض,الرياض,الياسمين,أرض,land,سكني,residential,44,138505446.37,25154.79,5740.67855681873,7142.86,3397.71
2024,2,الرياض,الرياض,الياسمين,شقة,apartment,سكني,residential,245,273068234.85,32462.15,9010.69740458447,10106.3829787234,6450.81
2024,2,الرياض,الرياض,الياسمين,فيلا,villa,سكني,residential,62,261933583.13,22914.69,10366.3702337803,12790.1234567901,7785.71428571429
2024,2,الرياض,الرياض,اليرموك,أرض,land,تجاري,commercial,8,127857500.0,23842.505,5329.45802701316,5845.93,3174.6
2024,2,الرياض,الرياض,اليرموك,أرض,land,سكني,residential,25,42007573.18,12181.68,4002.52430990549,4333.33,3746.09
2024,2,الرياض,الرياض,اليرموك,شقة,apartment,سكني,residential,66,56796116.85,10575.379,5608.57327236227,6387.14,4949.27
2024,2,الرياض,الرياض,اليرموك,فيلا,villa,سكني,residential,45,96728458.0,15250.99,6738.56964338344,8200.0,5184.52
2024,2,الرياض,الرياض,اليمامة,أرض,land,تجاري,commercial,1,3175000.0,583.0,,,
2024,2,الرياض,الرياض,اليمامة,أرض,land,سكني,residential,39,23340317.0,11653.98,2178.0806678757,3095.24,1333.33
2024,2,الرياض,الرياض,بدر,أرض,land,تجاري,commercial,32,84020190.2,63439.93,1122.47134454875,1750.0,850.0
2024,2,الرياض,الرياض,بدر,أرض,land,سكني,residential,234,136719939.95,121504.86,1122.62527209492,1300.0,992.06
2024,2,الرياض,الرياض,بدر,شقة,apartment,سكني,residential,122,58535498.75,18892.18,3259.19920836272,4069.01,2405.06
2024,2,الرياض,الرياض,بدر,فيلا,villa,سكني,residential,419,329895905.21,103110.76,3389.16661666887,3959.95,2777.73
2024,2,الرياض,الرياض,ثليم,أرض,land,تجاري,commercial,1,35000000.0,5515.87,,,
2024,2,الرياض,الرياض,ثليم,أرض,land,سكني,residential,5,3270451.0,618.7,,,
2024,2,الرياض,الرياض,ثليم,عمارة,building,سكني,residential,1,625000.0,250.0,,,
2024,2,الرياض,الرياض,جرير,أرض,land,تجاري,commercial,2,4600000.0,1299.34,,,
2024,2,الرياض,الرياض,جرير,أرض,land,سكني,residential,16,23007360.0,5858.37,3790.70284895467,6090.5,2800.0
2024,2,الرياض,الرياض,جرير,شقة,apartment,سكني,residential,10,8147005.41,1321.69,5888.37039839688,6382.15,5276.41
2024,2,الرياض,الرياض,جرير,عمارة,building,سكني,residential,1,3162500.0,575.0,,,
2024,2,الرياض,الرياض,جرير,فيلا,villa,سكني,residential,1,1000000.0,485.0,,,
2024,2,الرياض,الرياض,حطين,أرض,land,تجاري,commercial,8,576420000.0,42765.5,14899.0718774712,15333.33,10800.0
2024,2,الرياض,الرياض,حطين,أرض,land,سكني,residential,13,107447907.0,14150.195,6138.06037490223,9308.15,2599.63
2024,2,الرياض,الرياض,حطين,شقة,apartment,سكني,residential,140,181444008.02,20737.38,8999.93860639889,9974.06,8186.95
2024,2,الرياض,الرياض,حطين,فيلا,villa,سكني,residential,23,292446762.0,20640.78,12695.9845381642,14074.0740740741,11000.0
2024,2,الرياض,الرياض,ديراب,أرض,land,زراعي,agricultural,2,1600000.0,5343.6,,,
2024,2,الرياض,الرياض,ديراب,أرض,land,تجاري,commercial,2,1510000.0,1650.0,,,
2024,2,الرياض,الرياض,ديراب,أرض,land,سكني,residential,15,11073369.0,6022.75,1485.09323006311,2222.22,1173.71
2024,2,الرياض,الرياض,ديراب,شقة,apartment,سكني,residential,14,7021103.0,1954.61,3619.23873640601,3778.74,3432.96
2024,2,الرياض,الرياض,ديراب,فيلا,villa,سكني,residential,3,1687461.0,536.16,,,
2024,2,الرياض,الرياض,سكيرينة,أرض,land,تجاري,commercial,2,1040000.0,317.44,,,
2024,2,الرياض,الرياض,سكيرينة,أرض,land,سكني,residential,2,540000.0,178.36,,,
2024,2,الرياض,الرياض,سلطانة,أرض,land,تجاري,commercial,1,1500000.0,500.0,,,
2024,2,الرياض,الرياض,سلطانة,أرض,land,سكني,residential,6,7405000.0,4964.38,1621.92347806092,1794.12,1223.86
2024,2,الرياض,الرياض,سلطانة,شقة,apartment,سكني,residential,1,620000.0,131.07,,,
2024,2,الرياض,الرياض,سلطانة,فيلا,villa,سكني,residential,2,1331961.0,313.49,,,
2024,2,الرياض,الرياض,شبرا,أرض,land,تجاري,commercial,1,9400000.0,6400.0,,,
2024,2,الرياض,الرياض,شبرا,أرض,land,سكني,residential,16,19635686.0,7471.25,2544.6049277825,3174.6,2000.0
2024,2,الرياض,الرياض,شبرا,شقة,apartment,سكني,residential,4,2705000.0,714.87,,,
2024,2,الرياض,الرياض,شبرا,فيلا,villa,سكني,residential,3,2670000.0,823.59,,,
2024,2,الرياض,الرياض,صياح,أرض,land,سكني,residential,3,680624.0,444.89,,,
2024,2,الرياض,الرياض,ضاحية نمار,أرض,land,تجاري,commercial,41,123258338.8,108586.29,1074.61765449239,1856.36,890.8
2024,2,الرياض,الرياض,ضاحية نمار,أرض,land,سكني,residential,185,185506322.2,1234499.88,988.526501862728,1187.82,841.03
2024,2,الرياض,الرياض,ضاحية نمار,شقة,apartment,سكني,residential,14,8589494.0,2344.13,3667.65666842437,4505.75,3195.06
2024,2,الرياض,الرياض,ضاحية نمار,فيلا,villa,سكني,residential,69,71792407.0,35566.34,1791.80760379116,3360.0,1400.0
2024,2,الرياض,الرياض,طويق,أرض,land,تجاري,commercial,31,62536751.0,24053.87,2727.03365311305,3275.0,2500.0
2024,2,الرياض,الرياض,طويق,أرض,land,سكني,residential,100,131295991.67,71702.69,1860.59918184721,2250.0,1466.67
2024,2,الرياض,الرياض,طويق,شقة,apartment,سكني,residential,270,172695087.44,47105.74,3707.25325839441,4328.4,3172.09
2024,2,الرياض,الرياض,طويق,فيلا,villa,سكني,residential,296,321430919.96,87360.025,3933.80087811295,4816.04,3102.66
2024,2,الرياض,الرياض,طيبة,أرض,land,تجاري,commercial,8,29915063.0,32263.63,969.280789333693,1000.0,900.0
2024,2,الرياض,الرياض,طيبة,أرض,land,سكني,residential,45,144043032.0,139454.54,991.876548507446,1400.0,950.0
2024,2,الرياض,الرياض,طيبة,شقة,apartment,سكني,residential,5,2730200.0,836.1,,,
2024,2,الرياض,الرياض,طيبة,فيلا,villa,سكني,residential,27,31138503.83,14476.63,2062.80663185708,3281.66,1650.0
2024,2,الرياض,الرياض,ظهرة البديعة,أرض,land,تجاري,commercial,2,5000000.0,1250.0,,,
2024,2,الرياض,الرياض,ظهرة البديعة,أرض,land,سكني,residential,33,42171516.0,18210.25,2019.14874406342,2700.0,1600.0
2024,2,الرياض,الرياض,ظهرة البديعة,شقة,apartment,سكني,residential,6,3719000.0,835.27,4145.80588493632,4550.88,3234.94
2024,2,الرياض,الرياض,ظهرة البديعة,فيلا,villa,سكني,residential,12,11238022.62,4327.58,2899.00985060305,5148.87,1677.41935483871
2024,2,الرياض,الرياض,ظهرة لبن,أرض,land,تجاري,commercial,35,109824557.0,30553.8,3194.48001053222,3812.5,2500.0
2024,2,الرياض,الرياض,ظهرة لبن,أرض,land,سكني,residential,21,32081890.63,15602.29,2045.1574362338,2727.47,1333.33
2024,2,الرياض,الرياض,ظهرة لبن,شقة,apartment,سكني,residential,166,97819603.49,24279.0082,4285.2250935399,5360.62,3130.24
2024,2,الرياض,الرياض,ظهرة لبن,فيلا,villa,سكني,residential,54,109789095.42,30327.655,3605.40538212028,4625.0,2944.64
2024,2,الرياض,الرياض,عتيقة,أرض,land,سكني,residential,12,7420576.62,2537.43,2249.3548660154,3006.01,1411.76
2024,2,الرياض,الرياض,عتيقة,عمارة,building,سكني,residential,1,410000.0,326.57,,,
2024,2,الرياض,الرياض,عرقة,أرض,land,تجاري,commercial,16,270542246.16,37021.3,6798.17090993036,10347.83,5999.66
2024,2,الرياض,الرياض,عرقة,أرض,land,سكني,residential,18,116663045.74,22831.65,5243.27885801847,6300.0,3400.0
2024,2,الرياض,الرياض,عرقة,شقة,apartment,سكني,residential,16,20197740.0,2546.32,7919.78014826385,8399.18,7503.34
2024,2,الرياض,الرياض,عرقة,فيلا,villa,سكني,residential,29,211357292.3,23083.39,8023.92985157768,10769.23,7000.0
2024,2,الرياض,الرياض,عريض,أرض,land,تجاري,commercial,49,40298000.0,38741.0,933.839567008644,1148.23,777.78
2024,2,الرياض,الرياض,عريض,أرض,land,سكني,residential,588,200760813.0,261480.23,793.769818291212,950.62,641.9
2024,2,الرياض,الرياض,عريض,فيلا,villa,سكني,residential,82,40442055.0,31323.96,1149.31383851961,1238.55,1107.93
2024,2,الرياض,الرياض,عكاظ,أرض,land,تجاري,commercial,7,27111961.25,15319.48,1318.26057980673,1904.76,900.0
2024,2,الرياض,الرياض,عكاظ,أرض,land,سكني,residential,87,100643152.28,84356.38,1268.62867284478,1350.0,1180.0
2024,2,الرياض,الرياض,عكاظ,شقة,apartment,سكني,residential,52,26167700.8,8572.81,3042.86283370616,3684.5,2584.06
2024,2,الرياض,الرياض,عكاظ,فيلا,villa,سكني,residential,275,220946135.85,67643.73,3372.63487561892,3952.33,2895.32
2024,2,الرياض,الرياض,عليشة,أرض,land,تجاري,commercial,2,2750000.0,475.18,,,
2024,2,الرياض,الرياض,عليشة,أرض,land,سكني,residential,2,2030000.0,1002.0,,,
2024,2,الرياض,الرياض,عليشة,فيلا,villa,سكني,residential,3,4950000.0,3611.61,,,
2024,2,الرياض,الرياض,غبيرا,أرض,land,تجاري,commercial,1,86000.0,740.6,,,
2024,2,الرياض,الرياض,غبيرا,أرض,land,سكني,residential,12,5262495.2,2260.57,2214.73495058401,3015.38,1700.68
2024,2,الرياض,الرياض,غبيرا,عمارة,building,سكني,residential,1,1000000.0,199.28,,,
2024,2,الرياض,الرياض,غرناطة,أرض,land,تجاري,commercial,5,273626000.0,83127.0,,,
2024,2,الرياض,الرياض,غرناطة,أرض,land,سكني,residential,7,19327641.27,3751.0,5444.84304932735,5571.43,5400.0
2024,2,الرياض,الرياض,غرناطة,شقة,apartment,سكني,residential,18,16508713.0,2653.13,6530.96467216578,7412.16,5470.71
2024,2,الرياض,الرياض,غرناطة,فيلا,villa,سكني,residential,3,8650000.0,1180.0,,,
2024,2,الرياض,الرياض,قرطبة,أرض,land,تجاري,commercial,8,148040693.04,22150.43,5552.05713295014,6200.0,5300.0
2024,2,الرياض,الرياض,قرطبة,أرض,land,سكني,residential,32,72294798.33,16436.015,4512.67090213809,5400.0,3150.0
2024,2,الرياض,الرياض,قرطبة,شقة,apartment,سكني,residential,270,270838756.14,36207.52,7514.53973611922,8536.59,6217.9
2024,2,الرياض,الرياض,قرطبة,فيلا,villa,سكني,residential,37,89810488.0,13370.64,7174.63725364077,8593.54,6304.23
2024,2,الرياض,الرياض,لبن,أرض,land,تجاري,commercial,36,120785100.0,35701.37,3026.67739742759,3333.33,2500.0
2024,2,الرياض,الرياض,لبن,أرض,land,سكني,residential,70,104455980.55,37211.51,2925.51260877268,3532.0,2133.33
2024,2,الرياض,الرياض,لبن,شقة,apartment,سكني,residential,101,59586425.56,15479.085,4265.36610794228,5214.72,2682.13
2024,2,الرياض,الرياض,لبن,فيلا,villa,سكني,residential,36,59219616.82,11176.09,4888.80476011761,5763.46,4087.14
2024,2,الرياض,الرياض,مطار الملك خالد الدولي,أرض,land,تجاري,commercial,5,4118795.0,1154.77,,,
2024,2,الرياض,الرياض,مطار الملك خالد الدولي,أرض,land,سكني,residential,139,97020087.28,34875.117,2889.14634756698,3524.89,2471.48
2024,2,الرياض,الرياض,مغرزات,أرض,land,تجاري,commercial,1,125000000.0,3966.44,,,
2024,2,الرياض,الرياض,مغرزات,أرض,land,سكني,residential,3,6790000.0,1184.2,,,
2024,2,الرياض,الرياض,مغرزات,شقة,apartment,سكني,residential,13,13711527.51,1693.05,8593.11382458462,9229.18,7984.29
2024,2,الرياض,الرياض,مغرزات,فيلا,villa,سكني,residential,2,10100000.0,1577.68,,,
2024,2,الرياض,الرياض,منفوحة,أرض,land,تجاري,commercial,1,800000.0,244.0,,,
2024,2,الرياض,الرياض,منفوحة,أرض,land,سكني,residential,61,29638580.0,10294.5,2637.900737089,3815.96,1779.5
2024,2,الرياض,الرياض,منفوحة,عمارة,building,سكني,residential,1,420000.0,91.0,,,
2024,2,الرياض,الرياض,منفوحة الجديدة,أرض,land,تجاري,commercial,1,130000.0,284.7,,,
2024,2,الرياض,الرياض,منفوحة الجديدة,أرض,land,سكني,residential,26,9674999.0,4357.76,1845.11281153491,2875.25,928.87
2024,2,الرياض,الرياض,منفوحة الجديدة,عمارة,building,سكني,residential,3,4350000.0,274.52,,,
2024,2,الرياض,الرياض,نمار,أرض,land,تجاري,commercial,116,213804571.6,182577.49,1165.28804266371,1609.72,1000.0
2024,2,الرياض,الرياض,نمار,أرض,land,سكني,residential,703,493994673.68,466807.21,1126.18978457901,1333.33,972.97
2024,2,الرياض,الرياض,نمار,شقة,apartment,سكني,residential,25,14925977.96,4233.42,3577.03509773707,4184.45,3062.53
2024,2,الرياض,الرياض,نمار,فيلا,villa,سكني,residential,55,62408048.0,22965.02,2691.16703353162,3343.75,2356.62
2024,2,الرياض,الرياض,هيت,أرض,land,تجاري,commercial,2,19800000.0,48980.0,,,
2024,3,الرياض,الرياض,أحد,أرض,land,سكني,residential,15,12007867.76,9991.25,1191.99765573378,1296.2,1076.0
2024,3,الرياض,الرياض,أحد,شقة,apartment,سكني,residential,2,805000.0,341.73,,,
2024,3,الرياض,الرياض,أحد,فيلا,villa,سكني,residential,25,21356087.02,7763.35,2880.35019883699,4072.8,1979.51
2024,3,الرياض,الرياض,أم الحمام الشرقي,أرض,land,تجاري,commercial,5,50833000.0,8382.0,,,
2024,3,الرياض,الرياض,أم الحمام الشرقي,أرض,land,سكني,residential,44,69440500.0,10612.24,5500.72719717432,7500.0,3750.0
2024,3,الرياض,الرياض,أم الحمام الشرقي,شقة,apartment,سكني,residential,1,890000.0,74.24,,,
2024,3,الرياض,الرياض,أم الحمام الشرقي,فيلا,villa,سكني,residential,9,25740000.0,2956.26,9097.22570431867,9695.5,8603.14
2024,3,الرياض,الرياض,أم الحمام الغربي,أرض,land,تجاري,commercial,2,7925000.0,1248.56,,,
2024,3,الرياض,الرياض,أم الحمام الغربي,أرض,land,سكني,residential,12,17220723.26,5027.18,3998.18423278029,5000.0,2480.0
2024,3,الرياض,الرياض,أم الحمام الغربي,شقة,apartment,سكني,residential,1,890000.0,74.24,,,
2024,3,الرياض,الرياض,أم الحمام الغربي,فيلا,villa,سكني,residential,1,1120000.0,170.16,,,
2024,3,الرياض,الرياض,أم سليم,أرض,land,سكني,residential,1,260000.0,50.0,,,
2024,3,الرياض,الرياض,إشبيلية,أرض,land,تجاري,commercial,2,27213900.0,4152.5,,,
2024,3,الرياض,الرياض,إشبيلية,أرض,land,سكني,residential,13,20286796.39,6500.95,2570.92267742301,3574.87,1304.5
2024,3,الرياض,الرياض,إشبيلية,شقة,apartment,سكني,residential,21,15577314.99,3263.66,5155.85422503173,6119.86,3906.12
2024,3,الرياض,الرياض,إشبيلية,فيلا,villa,سكني,residential,46,82744280.42,16700.675,5087.46500013934,7921.97,3061.72839506173
2024,3,الرياض,الرياض,الأندلس,أرض,land,تجاري,commercial,1,2870000.0,700.0,,,
2024,3,الرياض,الرياض,الأندلس,أرض,land,سكني,residential,17,36907512.28,11006.24,3513.57198558126,4400.0,2743.22
2024,3,الرياض,الرياض,الأندلس,شقة,apartment,سكني,residential,20,15342413.0,2602.29,5895.12975471027,6511.22,5288.21
2024,3,الرياض,الرياض,الأندلس,فيلا,villa,سكني,residential,12,17971710.0,3365.92,5517.60789373027,8243.570015388,4800.0
2024,3,الرياض,الرياض,الإزدهار,أرض,land,سكني,residential,2,5050000.0,850.0,,,
2024,3,الرياض,الرياض,الإزدهار,شقة,apartment,سكني,residential,24,24572849.8,2632.0,9449.18470072211,11203.02,8156.27
2024,3,الرياض,الرياض,الإزدهار,فيلا,villa,سكني,residential,17,41623500.0,4113.28,11080.5095032829,12500.0,9037.78
2024,3,الرياض,الرياض,الإسكان,فيلا,villa,سكني,residential,1,830000.0,400.0,,,
2024,3,الرياض,الرياض,البديعة,أرض,land,تجاري,commercial,1,1100000.0,538.89,,,
2024,3,الرياض,الرياض,البديعة,أرض,land,سكني,residential,20,13217370.0,8542.7,1691.47660782822,2107.44,1600.0
2024,3,الرياض,الرياض,البديعة,شقة,apartment,سكني,residential,3,2086724.0,286.42,,,
2024,3,الرياض,الرياض,البديعة,عمارة,building,سكني,residential,3,6080000.0,2751.87,,,
2024,3,الرياض,الرياض,البديعة,فيلا,villa,سكني,residential,10,20920474.0,7807.57,3264.81585647463,5069.76,2800.0
2024,3,الرياض,الرياض,البرية,أرض,land,تجاري,commercial,5,3632307.0,6001.05,,,
2024,3,الرياض,الرياض,البرية,أرض,land,سكني,residential,25,16108032.0,17735.0,1069.56684092606,2608.7,434.78
2024,3,الرياض,الرياض,البرية,شقة,apartment,سكني,residential,1,670000.0,199.55,,,
2024,3,الرياض,الرياض,البرية,فيلا,villa,سكني,residential,3,1750000.0,550.62,,,
2024,3,الرياض,الرياض,البطيحا,أرض,land,سكني,residential,1,650000.0,146.51,,,
2024,3,الرياض,الرياض,البيان,أرض,land,تجاري,commercial,22,90063800.58,32449.035,2867.91806447867,3231.6,2450.0
2024,3,الرياض,الرياض,البيان,أرض,land,سكني,residential,158,246388344.28,93746.4,2618.62009162774,3086.62,2160.0
2024,3,الرياض,الرياض,البيان,شقة,apartment,سكني,residential,39,23465078.0,4743.07,5055.22308093666,6718.58,3855.06
2024,3,الرياض,الرياض,البيان,فيلا,villa,سكني,residential,53,47334245.0,10368.21,4670.13539390172,5229.42,4107.71
2024,3,الرياض,الرياض,التعاون,أرض,land,تجاري,commercial,1,17142857.0,2500.0,,,
2024,3,الرياض,الرياض,التعاون,أرض,land,سكني,residential,3,36088594.53,16305.0,,,
2024,3,الرياض,الرياض,التعاون,شقة,apartment,سكني,residential,10,11065354.0,1454.63,7964.51269663245,9606.21,5509.46
2024,3,الرياض,الرياض,التعاون,فيلا,villa,سكني,residential,3,7970000.0,806.69,,,
2024,3,الرياض,الرياض,الجرادية,أرض,land,سكني,residential,4,1210000.0,1042.32,,,
2024,3,الرياض,الرياض,الجرادية,فيلا,villa,سكني,residential,13,8125467.0,2473.88,3160.70194204866,4194.63,1617.65
2024,3,الرياض,الرياض,الجزيرة,أرض,land,تجاري,commercial,4,13800000.0,4018.0,,,
2024,3,الرياض,الرياض,الجزيرة,أرض,land,سكني,residential,11,19267556.04,4851.2,4350.64380361906,6263.42,2519.74
2024,3,الرياض,الرياض,الجزيرة,شقة,apartment,سكني,residential,2,1818500.0,254.25,,,
2024,3,الرياض,الرياض,الجزيرة,فيلا,villa,سكني,residential,6,7485000.0,2904.0,2396.69421487603,3099.17,2024.79
2024,3,الرياض,الرياض,الجنادرية,أرض,land,تجاري,commercial,69,1113803561.5,1475370.405,1850.22200891592,2000.0,1650.0
2024,3,الرياض,الرياض,الجنادرية,أرض,land,سكني,residential,1134,976529432.86,561989.141,1738.68496975498,1870.0,1640.0
2024,3,الرياض,الرياض,الجنادرية,شقة,apartment,سكني,residential,17,10765274.0,2795.79,4160.61720970916,5036.46,3520.82
2024,3,الرياض,الرياض,الجنادرية,فيلا,villa,سكني,residential,345,332878136.14,115189.967,2437.40126749305,3653.33,2194.44
2024,3,الرياض,الرياض,الحائر,أرض,land,تجاري,commercial,2,1070000.0,1430.0,,,
2024,3,الرياض,الرياض,الحائر,أرض,land,سكني,residential,35,9546000.0,15623.83,475.952439370786,764.16,333.33
2024,3,الرياض,الرياض,الحائر,فيلا,villa,سكني,residential,1,250000.0,156.29,,,
2024,3,الرياض,الرياض,الحزم,أرض,land,تجاري,commercial,10,36785900.0,19222.87,2294.04513051402,4000.0,1470.59
2024,3,الرياض,الرياض,الحزم,أرض,land,سكني,residential,52,56454164.34,31905.81,1782.27935355425,2100.0,1598.67362511069
2024,3,الرياض,الرياض,الحزم,شقة,apartment,سكني,residential,60,33315694.63,9534.51,3462.36579983147,4434.47,2320.42
2024,3,الرياض,الرياض,الحزم,فيلا,villa,سكني,residential,65,67402945.01,17790.293,3948.93056400971,4654.79,3190.13
2024,3,الرياض,الرياض,الحمراء,أرض,land,تجاري,commercial,5,70010824.0,14895.92,,,
2024,3,الرياض,الرياض,الحمراء,أرض,land,سكني,residential,12,43973022.98,9111.6,5180.63453481498,5800.0,2976.19
2024,3,الرياض,الرياض,الحمراء,شقة,apartment,سكني,residential,62,58954774.49,9205.248,6858.49591580891,7329.68,6331.05
2024,3,الرياض,الرياض,الحمراء,فيلا,villa,سكني,residential,26,97723071.0,15164.1,6915.25997424135,8202.83,6122.44897959184
2024,3,الرياض,الرياض,الخالدية,أرض,land,تجاري,commercial,1,400000.0,121.0,,,
2024,3,الرياض,الرياض,الخالدية,أرض,land,سكني,residential,13,10535000.0,5314.3,2026.0559860035,2600.0,1204.82
2024,3,الرياض,الرياض,الخالدية,شقة,apartment,سكني,residential,2,700000.0,251.34,,,
2024,3,الرياض,الرياض,الخالدية,عمارة,building,سكني,residential,1,650000.0,109.25,,,
2024,3,الرياض,الرياض,الخالدية,فيلا,villa,سكني,residential,34,25189227.0,7446.33,3388.69302014488,4062.66,2904.43
2024,3,الرياض,الرياض,الخزامى,أرض,land,تجاري,commercial,28,904443751.89,60460.095,13896.1251372353,16993.45,9702.0
2024,3,الرياض,الرياض,الخزامى,أرض,land,سكني,residential,194,2630849284.01,177319.55,14224.5025895847,15704.34,12396.28
2024,3,الرياض,الرياض,الخزامى,شقة,apartment,سكني,residential,7,10769530.89,898.16,10759.8916621949,11762.23,10527.56
2024,3,الرياض,الرياض,الخزامى,فيلا,villa,سكني,residential,6,50651165.0,5312.35,9694.89592244083,10328.6384976526,8714.6
2024,3,الرياض,الرياض,الخليج,أرض,land,تجاري,commercial,6,22890000.0,7510.0,3417.24137931034,3600.0,3300.0
2024,3,الرياض,الرياض,الخليج,أرض,land,سكني,residential,22,36750081.0,12411.5,3084.47782439185,3960.0,2037.04
2024,3,الرياض,الرياض,الخليج,شقة,apartment,سكني,residential,51,37417753.72,7571.91,5057.53106768744,5358.2711992923,4853.06
2024,3,الرياض,الرياض,الخليج,فيلا,villa,سكني,residential,31,57320341.0,12342.94,4312.60717525037,5925.34070709066,3520.0
2024,3,الرياض,الرياض,الخير,أرض,land,تجاري,commercial,52,182502302.99,77414.41,2846.85271584693,3540.35,2341.67
2024,3,الرياض,الرياض,الخير,أرض,land,سكني,residential,1601,1785591578.22,923370.7746,1894.83795194046,2166.67,1566.67
2024,3,الرياض,الرياض,الخير,فيلا,villa,سكني,residential,1,2100000.0,750.0,,,
2024,3,الرياض,الرياض,الدار البيضاء,أرض,land,تجاري,commercial,29,95486474.0,29724.81,2171.74130718195,3333.33,1583.09
2024,3,الرياض,الرياض,الدار البيضاء,أرض,land,سكني,residential,34,26907385.65,18807.47,1515.90960802923,1700.0,1178.16
2024,3,الرياض,الرياض,الدار البيضاء,شقة,apartment,سكني,residential,107,42170532.99,14093.19,3057.14972681594,3674.0,2409.46
2024,3,الرياض,الرياض,الدار البيضاء,فيلا,villa,سكني,residential,121,97601647.72,30673.795,3259.24902887617,3920.0,2300.0
2024,3,الرياض,الرياض,الدريهمية,أرض,land,سكني,residential,10,12290466.13,4560.82,2247.92340813335,2654.98,1993.51
2024,3,الرياض,الرياض,الدريهمية,شقة,apartment,سكني,residential,10,5426692.75,1609.945,3584.64649464982,3781.19,3198.98
2024,3,الرياض,الرياض,الدريهمية,فيلا,villa,سكني,residential,1,760000.0,150.76,,,
2024,3,الرياض,الرياض,الدفاع,أرض,land,تجاري,commercial,1,1150000.0,1200.0,,,
2024,3,الرياض,الرياض,الدوبية,أرض,land,سكني,residential,3,968000.0,334.64,,,
2024,3,الرياض,الرياض,الديرة,أرض,land,سكني,residential,2,2342341.0,1301.02,,,
2024,3,الرياض,الرياض,الرائد,أرض,land,سكني,residential,5,29300000.0,3818.46,,,
2024,3,الرياض,الرياض,الرائد,شقة,apartment,سكني,residential,23,33118079.65,2974.59,10654.1614403148,12001.01,9029.61
2024,3,الرياض,الرياض,الرائد,فيلا,villa,سكني,residential,4,7399000.0,647.78,,,
2024,3,الرياض,الرياض,الراية,أرض,land,سكني,residential,36,17560000.0,32196.49,529.827691947189,622.222222222222,472.222222222222
2024,3,الرياض,الرياض,الربوة,أرض,land,تجاري,commercial,7,27795519.0,10533.48,3707.56455618069,5581.63,637.34
2024,3,الرياض,الرياض,الربوة,أرض,land,سكني,residential,36,90803051.74,26522.95,3470.03637125553,4000.0,3212.85
2024,3,الرياض,الرياض,الربوة,شقة,apartment,سكني,residential,9,10338645.0,1341.11,7880.5741545689,8139.37,7586.55
2024,3,الرياض,الرياض,الربوة,فيلا,villa,سكني,residential,23,63897025.0,11238.8475,5153.48667263711,7877.32,4566.74
2024,3,الرياض,الرياض,الربيع,أرض,land,تجاري,commercial,3,67364550.0,5928.5,,,
2024,3,الرياض,الرياض,الربيع,أرض,land,سكني,residential,11,48244111.25,10529.52,4958.67627194957,7100.0,2088.24
2024,3,الرياض,الرياض,الربيع,شقة,apartment,سكني,residential,7,13367000.0,1334.43,10117.8873108698,10782.46,9554.28
2024,3,الرياض,الرياض,الربيع,فيلا,villa,سكني,residential,12,41650000.0,3714.44,11705.4414484571,14302.06,7571.42857142857
2024,3,الرياض,الرياض,الرحمانية,أرض,land,تجاري,commercial,3,641902480.0,31424.34,,,
2024,3,الرياض,الرياض,الرحمانية,أرض,land,سكني,residential,1,1161560.72,178.02,,,
2024,3,الرياض,الرياض,الرحمانية,شقة,apartment,سكني,residential,1,1600000.0,100.42,,,
2024,3,الرياض,الرياض,الرحمانية,فيلا,villa,سكني,residential,7,55829400.0,4664.2,10500.67254521,12347.22,8700.0
2024,3,الرياض,الرياض,الرسالة,أرض,land,سكني,residential,26,20105000.0,47768.4,414.150374494192,516.666666666667,330.0
2024,3,الرياض,الرياض,الرفيعة,أرض,land,تجاري,commercial,4,34276680.0,7117.04,,,
2024,3,الرياض,الرياض,الرفيعة,أرض,land,سكني,residential,16,88964903.0,20809.923,4486.7635323972,4500.0,4000.0
2024,3,الرياض,الرياض,الرفيعة,شقة,apartment,سكني,residential,2,1420000.0,199.65,,,
2024,3,الرياض,الرياض,الرفيعة,فيلا,villa,سكني,residential,14,47682331.0,5935.7,7671.45166219223,9226.97,6354.17
2024,3,الرياض,الرياض,الرمال,أرض,land,تجاري,commercial,58,551885645.97,276339.175,2431.72143672428,3600.0,1600.0
2024,3,الرياض,الرياض,الرمال,أرض,land,سكني,residential,178,349129212.16,171177.346,2809.30502046854,3150.0,2572.92
2024,3,الرياض,الرياض,الرمال,شقة,apartment,سكني,residential,442,345177222.83,62840.62,5482.52948014498,6375.74,4476.33
2024,3,الرياض,الرياض,الرمال,فيلا,villa,سكني,residential,440,610782530.65,122893.833,4828.39468174689,6305.95,3500.0
2024,3,الرياض,الرياض,الروابي,أرض,land,تجاري,commercial,5,27242000.0,5535.4,,,
2024,3,الرياض,الرياض,الروابي,أرض,land,سكني,residential,23,45196618.51,11667.84,4156.27651935505,4506.03,4000.0
2024,3,الرياض,الرياض,الروابي,شقة,apartment,سكني,residential,20,20871000.0,3491.49,5874.6544390651,6649.31,5497.56
2024,3,الرياض,الرياض,الروابي,فيلا,villa,سكني,residential,6,13068200.0,2995.32,4319.47069943289,6086.96,3333.33333333333
2024,3,الرياض,الرياض,الروضة,أرض,land,تجاري,commercial,4,11306025.0,2500.03,,,
2024,3,الرياض,الرياض,الروضة,أرض,land,سكني,residential,18,30771552.5,9129.5,3600.87233685623,4000.0,2938.1
2024,3,الرياض,الرياض,الروضة,شقة,apartment,سكني,residential,22,18043275.0,2887.67,6425.10313407703,7403.98,5897.55
2024,3,الرياض,الرياض,الروضة,فيلا,villa,سكني,residential,37,111961750.0,18844.248,5923.98510578969,7307.86407372823,4909.18
2024,3,الرياض,الرياض,الريان,أرض,land,تجاري,commercial,6,75152460.54,30447.42,3002.82917705103,6500.0,2278.11
2024,3,الرياض,الرياض,الريان,أرض,land,سكني,residential,10,45819750.0,8754.075,5135.06839349536,5499.82,4527.78
2024,3,الرياض,الرياض,الريان,شقة,apartment,سكني,residential,38,38157980.07,5063.7,7572.83377105438,8801.27,6563.87
2024,3,الرياض,الرياض,الريان,فيلا,villa,سكني,residential,2,5640000.0,876.77,,,
2024,3,الرياض,الرياض,الزاهر,أرض,land,سكني,residential,231,148141499.0,223007.09,674.162679842724,788.888888888889,555.555555555556
2024,3,الرياض,الرياض,الزاهر,فيلا,villa,سكني,residential,1,620000.0,840.0,,,
2024,3,الرياض,الرياض,الزهراء,أرض,land,تجاري,commercial,1,70000000.0,9500.0,,,
2024,3,الرياض,الرياض,الزهراء,أرض,land,سكني,residential,9,20910750.0,3408.5,4940.33811676823,7241.75,3836.32
2024,3,الرياض,الرياض,الزهرة,أرض,land,تجاري,commercial,11,32257000.0,11160.0,2868.35106382979,4200.0,2000.0
2024,3,الرياض,الرياض,الزهرة,أرض,land,سكني,residential,16,15645099.0,7737.5,1875.02152173913,2000.0,1625.0
2024,3,الرياض,الرياض,الزهرة,شقة,apartment,سكني,residential,31,16064500.0,4283.747,3997.78831191286,4721.87,3566.03
2024,3,الرياض,الرياض,الزهرة,فيلا,villa,سكني,residential,15,13681000.0,4895.51,2940.31726803226,4855.36,2000.0
2024,3,الرياض,الرياض,السحاب,أرض,land,تجاري,commercial,289,2253422217.26,3065236.98,1127.4069666563,1127.41,1127.41
2024,3,الرياض,الرياض,السحاب,أرض,land,سكني,residential,2199,883671283.049999,772083.380000001,1127.40691665431,1127.41,1127.41
2024,3,الرياض,الرياض,السعادة,أرض,land,تجاري,commercial,14,287421742.0,232776.1,3252.2086037576,4264.71,1666.67
2024,3,الرياض,الرياض,السعادة,أرض,land,سكني,residential,54,66136213.66,20316.51,2916.7934559529,3571.43,2500.0
2024,3,الرياض,الرياض,السعادة,شقة,apartment,سكني,residential,147,109446630.0,23073.25,4746.15335454082,5542.13,4091.95
2024,3,الرياض,الرياض,السعادة,فيلا,villa,سكني,residential,61,55663668.0,11845.41,4837.8324526377,5644.05,4085.12
2024,3,الرياض,الرياض,السلام,أرض,land,تجاري,commercial,1,2800000.0,500.0,,,
2024,3,الرياض,الرياض,السلام,أرض,land,سكني,residential,13,21198710.33,7345.005,3213.87249007374,3466.67,2765.91
2024,3,الرياض,الرياض,السلام,شقة,apartment,سكني,residential,9,7215000.0,1313.42,5141.83372811832,5511.16,4908.89
2024,3,الرياض,الرياض,السلام,فيلا,villa,سكني,residential,9,13960000.0,2590.12,5033.10665712241,5333.33333333333,4666.67
2024,3,الرياض,الرياض,السلي,أرض,land,تجاري,commercial,31,163544878.75,84198.42,1782.06901355334,2857.14,986.82
2024,3,الرياض,الرياض,السلي,أرض,land,سكني,residential,38,67589081.23,32087.65,2188.0286013194,2880.0,1300.0
2024,3,الرياض,الرياض,السلي,شقة,apartment,سكني,residential,8,5022163.0,1163.94,4983.25191785063,5398.91,3969.83
2024,3,الرياض,الرياض,السليمانية,أرض,land,تجاري,commercial,7,429072210.4,29877.53,9919.02349716635,10706.64,9310.32
2024,3,الرياض,الرياض,السليمانية,أرض,land,سكني,residential,21,48373558.46,13291.121,4157.477545058,5750.0,1751.59
2024,3,الرياض,الرياض,السليمانية,شقة,apartment,سكني,residential,74,88404499.89,8741.55,9941.25242383641,11575.46,8945.18
2024,3,الرياض,الرياض,السليمانية,فيلا,villa,سكني,residential,43,185640481.0,22821.39,7959.38201920279,10835.51,6515.15
2024,3,الرياض,الرياض,السويدي,أرض,land,تجاري,commercial,11,20938601.0,6794.55,2614.35406698565,3866.67,1950.0
2024,3,الرياض,الرياض,السويدي,أرض,land,سكني,residential,23,9316905.63,10199.45,1128.948177389,1555.56,160.0
2024,3,الرياض,الرياض,السويدي,شقة,apartment,سكني,residential,25,14975186.86,4045.52,3799.492238623,4292.07,3377.34
2024,3,الرياض,الرياض,السويدي,فيلا,villa,سكني,residential,88,87228130.51,32947.77,2357.07550236212,4202.38,1840.0
2024,3,الرياض,الرياض,السويدي الغربي,أرض,land,تجاري,commercial,3,49040000.0,10729.37,,,
2024,3,الرياض,الرياض,السويدي الغربي,أرض,land,سكني,residential,20,31925251.0,13465.8,2562.37233732127,2720.0,2400.0
2024,3,الرياض,الرياض,السويدي الغربي,شقة,apartment,سكني,residential,7,4734278.0,923.21,5343.92949907236,7731.59,4794.95
2024,3,الرياض,الرياض,السويدي الغربي,فيلا,villa,سكني,residential,34,32279513.0,9129.947,3380.08456050768,4764.43,2320.0
2024,3,الرياض,الرياض,الشرفية,أرض,land,سكني,residential,12,45764125.0,10289.1,4628.01684658802,8542.84,4115.23
2024,3,الرياض,الرياض,الشعلة,أرض,land,تجاري,commercial,1,1500000.0,4203.25,,,
2024,3,الرياض,الرياض,الشعلة,أرض,land,سكني,residential,306,104079122.0,234629.11,461.435938006707,550.0,348.16247582205
2024,3,الرياض,الرياض,الشفا,أرض,land,تجاري,commercial,12,24199032.0,13065.88,1892.98380194317,2739.98,1489.78
2024,3,الرياض,الرياض,الشفا,أرض,land,سكني,residential,40,42191294.18,140319.38,1743.87930120437,2000.0,1428.57
2024,3,الرياض,الرياض,الشفا,شقة,apartment,سكني,residential,14,7842159.8,2520.23,3482.97969278834,3815.07,3162.06
2024,3,الرياض,الرياض,الشفا,فيلا,villa,سكني,residential,53,46407020.67,11985.43,3764.5062564163,4666.66666666667,3220.7
2024,3,الرياض,الرياض,الشميسي,أرض,land,تجاري,commercial,6,4164339.0,1638.28,2018.34220544852,2977.1,1900.0
2024,3,الرياض,الرياض,الشميسي,أرض,land,سكني,residential,27,4428300.0,2890.48,1326.57157122857,1885.47,869.84
2024,3,الرياض,الرياض,الشميسي,شقة,apartment,سكني,residential,1,300000.0,147.84,,,
2024,3,الرياض,الرياض,الشميسي,عمارة,building,سكني,residential,2,1220000.0,266.56,,,
2024,3,الرياض,الرياض,الشميسي,فيلا,villa,سكني,residential,21,14656400.0,2757.72,4939.57869373152,5911.21,3571.43
2024,3,الرياض,الرياض,الشهداء,أرض,land,تجاري,commercial,1,7950000.0,875.0,,,
2024,3,الرياض,الرياض,الشهداء,أرض,land,سكني,residential,6,16163000.0,2802.5,5672.11413748379,6000.0,5333.33
2024,3,الرياض,الرياض,الشهداء,شقة,apartment,سكني,residential,18,20287530.0,2393.49,7832.24173919893,9810.76469675818,6913.37
2024,3,الرياض,الرياض,الشهداء,فيلا,villa,سكني,residential,8,22194903.0,2711.5,7648.57881136951,8000.0,7407.40740740741
2024,3,الرياض,الرياض,الصالحية,أرض,land,سكني,residential,9,1825000.0,1357.8,1469.92565893219,2328.77,940.27
2024,3,الرياض,الرياض,الصحافة,أرض,land,تجاري,commercial,3,49000000.0,2580.0,,,
2024,3,الرياض,الرياض,الصحافة,أرض,land,سكني,residential,11,27518269.9,6246.5,3444.59497647485,6785.71,429.85
2024,3,الرياض,الرياض,الصحافة,شقة,apartment,سكني,residential,37,44802097.75,4977.22,9774.45226879446,12666.31,6073.71
2024,3,الرياض,الرياض,الصحافة,فيلا,villa,سكني,residential,25,393318387.0,18508.25,8956.68638838311,12068.97,7436.11
2024,3,الرياض,الرياض,الصفا,أرض,land,تجاري,commercial,19,246933750.5,63226.38,3619.00260803068,4000.0,3250.45
2024,3,الرياض,الرياض,الصفا,أرض,land,سكني,residential,147,260310116.77,72678.39,3535.16649158241,3600.0,3450.0
2024,3,الرياض,الرياض,الصفا,شقة,apartment,سكني,residential,5,4785000.0,634.26,,,
2024,3,الرياض,الرياض,الصفا,فيلا,villa,سكني,residential,55,103887300.0,17618.36,5411.984744256,8875.0,4600.0
2024,3,الرياض,الرياض,الصناعية,أرض,land,تجاري,commercial,1,1350000.0,430.14,,,
2024,3,الرياض,الرياض,الصناعية,أرض,land,سكني,residential,13,29884825.58,9378.08,3539.79733625035,5089.06,1666.67
2024,3,الرياض,الرياض,الضباط,أرض,land,تجاري,commercial,4,42084514.0,9421.35,,,
2024,3,الرياض,الرياض,الضباط,أرض,land,سكني,residential,3,5290000.0,1796.7,,,
2024,3,الرياض,الرياض,الضباط,فيلا,villa,سكني,residential,15,44341000.0,7405.55,4815.99731137624,6000.0,3985.51
2024,3,الرياض,الرياض,العارض,أرض,land,تجاري,commercial,19,621312337.0,193844.97,6475.32419921396,7900.0,6000.0
2024,3,الرياض,الرياض,العارض,أرض,land,سكني,residential,95,295681175.0,55762.038,5393.14343457741,6200.0,4455.18
2024,3,الرياض,الرياض,العارض,شقة,apartment,سكني,residential,273,267690032.22,34338.81,7419.2780645906,9310.82,6370.41
2024,3,الرياض,الرياض,العارض,فيلا,villa,سكني,residential,209,483966010.56,65347.832,7477.8861258123,9809.63259090044,6100.0
2024,3,الرياض,الرياض,العريجاء,أرض,land,تجاري,commercial,1,12500000.0,2576.67,,,
2024,3,الرياض,الرياض,العريجاء,أرض,land,سكني,residential,3,2853494.91,1120.0,,,
2024,3,الرياض,الرياض,العريجاء,شقة,apartment,سكني,residential,2,1890000.0,638.08,,,
2024,3,الرياض,الرياض,العريجاء,فيلا,villa,سكني,residential,29,24336327.0,6063.86,4069.23333933865,4248.25,3857.61
2024,3,الرياض,الرياض,العريجاء الأوسط,أرض,land,تجاري,commercial,3,3246000.0,1200.0,,,
2024,3,الرياض,الرياض,العريجاء الأوسط,أرض,land,سكني,residential,18,16579110.35,4600.0,4947.51771875,5375.0,4650.0
2024,3,الرياض,الرياض,العريجاء الأوسط,شقة,apartment,سكني,residential,1,750000.0,128.92,,,
2024,3,الرياض,الرياض,العريجاء الأوسط,فيلا,villa,سكني,residential,8,6595000.0,2218.14,3003.60775710625,3776.27,2620.72
2024,3,الرياض,الرياض,العريجاء الغربي,أرض,land,تجاري,commercial,15,16538569.02,6325.0,2310.16375,3064.14,1750.0
2024,3,الرياض,الرياض,العريجاء الغربي,أرض,land,سكني,residential,100,462802826.1,1844827.37,2269.8412740476,3700.0,1629.65
2024,3,الرياض,الرياض,العريجاء الغربي,شقة,apartment,سكني,residential,10,5500453.0,1311.01,4014.19918003521,5067.65,2976.43
2024,3,الرياض,الرياض,العريجاء الغربي,عمارة,building,سكني,residential,3,580000.0,84.31,,,
2024,3,الرياض,الرياض,العريجاء الغربي,فيلا,villa,سكني,residential,24,22805940.0,7350.05,2939.07999113837,4750.0,2087.5
2024,3,الرياض,الرياض,العزيزية,أرض,land,زراعي,agricultural,1,500000.0,2000.0,,,
2024,3,الرياض,الرياض,العزيزية,أرض,land,تجاري,commercial,18,57268519.94,25084.95,2465.03706672938,3076.92,1851.85
2024,3,الرياض,الرياض,العزيزية,أرض,land,سكني,residential,116,131722414.11,63547.403,2192.27411071807,3300.11,1274.35
2024,3,الرياض,الرياض,العزيزية,شقة,apartment,سكني,residential,29,14674106.83,4158.64,3581.25897499381,4038.77,3136.41
2024,3,الرياض,الرياض,العزيزية,فيلا,villa,سكني,residential,103,71567233.02,20846.53,3401.0612360743,3878.74,2950.39
2024,3,الرياض,الرياض,العقيق,أرض,land,تجاري,commercial,9,126673923.0,9852.5,9238.77327491785,11000.0,8500.0
2024,3,الرياض,الرياض,العقيق,أرض,land,سكني,residential,10,53239404.46,13062.5,4767.83991977077,6570.91,3289.57
2024,3,الرياض,الرياض,العقيق,شقة,apartment,سكني,residential,15,17594703.66,2135.87,8651.8022181146,11279.76,6427.53
2024,3,الرياض,الرياض,العقيق,فيلا,villa,سكني,residential,12,67550000.0,6916.4,9042.40502260601,12500.0,7500.0
2024,3,الرياض,الرياض,العلا,أرض,land,سكني,residential,202,109199501.0,186911.59,569.781852585783,617.283950617284,511.968085106383
2024,3,الرياض,الرياض,العليا,أرض,land,تجاري,commercial,10,188180216.0,14285.36,13172.9418089569,18500.0,7623.63
2024,3,الرياض,الرياض,العليا,أرض,land,سكني,residential,19,50037182.49,16193.9,3071.43669614233,5126.05,2342.14
2024,3,الرياض,الرياض,العليا,شقة,apartment,سكني,residential,52,109325325.0,6456.9,17778.8134109085,20000.0,11798.48
2024,3,الرياض,الرياض,العليا,فيلا,villa,سكني,residential,50,247476960.0,23835.26,8545.13123277887,14050.56,6312.38
2024,3,الرياض,الرياض,العمل,أرض,land,تجاري,commercial,1,1700000.0,840.0,,,
2024,3,الرياض,الرياض,العمل,أرض,land,سكني,residential,3,1486976.0,2124.25,,,
2024,3,الرياض,الرياض,العمل,عمارة,building,سكني,residential,6,2620004.0,1301.66,2053.91165882027,2090.3,2020.63
2024,3,الرياض,الرياض,العوالي,أرض,land,تجاري,commercial,25,40998417.08,53296.8,856.194476680556,2500.0,625.0
2024,3,الرياض,الرياض,العوالي,أرض,land,سكني,residential,106,146370359.73,134642.41,1571.61319934574,3777.78,850.0
2024,3,الرياض,الرياض,العوالي,شقة,apartment,سكني,residential,111,70336827.26,18372.48,3807.39625746435,4329.00432900433,3341.79576187762
2024,3,الرياض,الرياض,العوالي,فيلا,villa,سكني,residential,22,25442000.0,5813.85,4587.57305942231,4947.68,4215.8
2024,3,الرياض,الرياض,العود,أرض,land,تجاري,commercial,4,3353315.4,1009.85,,,
2024,3,الرياض,الرياض,العود,أرض,land,سكني,residential,63,40619694.76,10381.85,3228.22374204061,5637.55,847.46
2024,3,الرياض,الرياض,العود,عمارة,building,سكني,residential,2,1333663.4,207.27,,,
2024,3,الرياض,الرياض,الغدير,أرض,land,سكني,residential,3,42650000.0,4325.0,,,
2024,3,الرياض,الرياض,الغدير,شقة,apartment,سكني,residential,26,36427510.0,4313.16,8421.45992892301,9209.96,7976.61
2024,3,الرياض,الرياض,الغدير,فيلا,villa,سكني,residential,3,15197000.0,1709.6,,,
2024,3,الرياض,الرياض,الغنامية,أرض,land,تجاري,commercial,5,58728250.0,99851.02,,,
2024,3,الرياض,الرياض,الغنامية,أرض,land,سكني,residential,26,5517000.0,11812.68,508.026573444954,625.0,409.8
2024,3,الرياض,الرياض,الغنامية,فيلا,villa,سكني,residential,37,48032279.2,34161.17,1196.89447553663,1800.37,779.22
2024,3,الرياض,الرياض,الفاخرية,أرض,land,سكني,residential,2,1010000.0,509.5,,,
2024,3,الرياض,الرياض,الفاروق,أرض,land,تجاري,commercial,2,5650000.0,1715.4,,,
2024,3,الرياض,الرياض,الفاروق,أرض,land,سكني,residential,174,226525151.11,70612.16,2862.83314825927,3650.0,2100.0
2024,3,الرياض,الرياض,الفاروق,فيلا,villa,سكني,residential,10,14175000.0,2960.68,4839.05136753376,4871.6,4780.98
2024,3,الرياض,الرياض,الفرسان,أرض,land,سكني,residential,25,12400000.0,21919.89,546.13661368788,603.14953721981,505.95
2024,3,الرياض,الرياض,الفلاح,شقة,apartment,سكني,residential,1,1448500.0,135.2,,,
2024,3,الرياض,الرياض,الفلاح,فيلا,villa,سكني,residential,1,3310000.0,364.0,,,
2024,3,الرياض,الرياض,الفوطة,شقة,apartment,سكني,residential,1,200000.0,132.4,,,
2024,3,الرياض,الرياض,الفيحاء,أرض,land,تجاري,commercial,4,14616925.0,3671.18,,,
2024,3,الرياض,الرياض,الفيحاء,أرض,land,سكني,residential,5,4480410.82,2493.75,,,
2024,3,الرياض,الرياض,الفيحاء,شقة,apartment,سكني,residential,6,3748157.88,953.61,3930.49347217416,4977.0,3210.6
2024,3,الرياض,الرياض,الفيحاء,فيلا,villa,سكني,residential,15,31933928.0,6861.25,4629.03795291248,5584.06,3809.52
2024,3,الرياض,الرياض,الفيصلية,أرض,land,تجاري,commercial,1,452500.0,300.0,,,
2024,3,الرياض,الرياض,الفيصلية,أرض,land,سكني,residential,13,26025000.0,9492.63,2755.37616408784,3400.0,1342.74
2024,3,الرياض,الرياض,القادسية,أرض,land,تجاري,commercial,14,149601139.44,220164.29,728.490916702488,2981.0,600.0
2024,3,الرياض,الرياض,القادسية,أرض,land,سكني,residential,24,51241301.0,18390.09,2698.48447781544,3100.0,2302.0
2024,3,الرياض,الرياض,القادسية,شقة,apartment,سكني,residential,67,53335180.53,10299.28,5169.65670653598,5977.73,4422.04
2024,3,الرياض,الرياض,القادسية,فيلا,villa,سكني,residential,49,76093388.0,14409.65,5558.94254117217,6275.3,4198.27
2024,3,الرياض,الرياض,القدس,أرض,land,تجاري,commercial,1,5700000.0,600.0,,,
2024,3,الرياض,الرياض,القدس,أرض,land,سكني,residential,4,8275000.0,1625.0,,,
2024,3,الرياض,الرياض,القدس,شقة,apartment,سكني,residential,40,39033032.82,5373.26,7098.24410005658,8204.18,6251.71750480901
2024,3,الرياض,الرياض,القدس,فيلا,villa,سكني,residential,20,60444140.0,8272.4,6409.59845157885,8641.25,5611.11111111111
2024,3,الرياض,الرياض,القيروان,أرض,land,تجاري,commercial,2,70580000.0,4300.5,,,
2024,3,الرياض,الرياض,القيروان,أرض,land,سكني,residential,15,90732435.5,12521.809,6786.49145064475,8390.47619047619,6238.1
2024,3,الرياض,الرياض,القيروان,شقة,apartment,سكني,residential,27,27476504.03,3490.32,7940.57625428756,9169.74,6197.27
2024,3,الرياض,الرياض,القيروان,فيلا,villa,سكني,residential,27,94767223.0,9615.44,10010.6327382174,13182.6741996234,8100.0
2024,3,الرياض,الرياض,المحمدية,أرض,land,تجاري,commercial,1,110500000.0,3250.0,,,
2024,3,الرياض,الرياض,المحمدية,أرض,land,سكني,residential,3,13400000.0,2026.9,,,
2024,3,الرياض,الرياض,المحمدية,شقة,apartment,سكني,residential,41,54897180.0,5450.91,10163.704013562,11195.58,8848.14
2024,3,الرياض,الرياض,المحمدية,فيلا,villa,سكني,residential,12,58031035.0,4639.79,13882.5926546387,16000.0,9777.77777777778
2024,3,الرياض,الرياض,المدينة الصناعية الجديدة,أرض,land,تجاري,commercial,5,45531359.9,96261.4,,,
2024,3,الرياض,الرياض,المدينة الصناعية الجديدة,فيلا,villa,سكني,residential,2,4395000.0,3000.0,,,
2024,3,الرياض,الرياض,المربع,أرض,land,تجاري,commercial,10,178527100.0,16030.18,6702.74857049944,8052.49,4768.37
2024,3,الرياض,الرياض,المربع,أرض,land,سكني,residential,10,44940370.0,11295.51,4054.67470817982,5300.0,2600.0
2024,3,الرياض,الرياض,المربع,شقة,apartment,سكني,residential,5,3928057.34,837.6,,,
2024,3,الرياض,الرياض,المربع,فيلا,villa,سكني,residential,2,18600000.0,4350.0,,,
2024,3,الرياض,الرياض,المرجان,أرض,land,سكني,residential,64,60870609.0,27361.72,2285.51717917696,2408.94,2099.79
2024,3,الرياض,الرياض,المرسلات,أرض,land,تجاري,commercial,2,57700000.0,3235.0,,,
2024,3,الرياض,الرياض,المرسلات,أرض,land,سكني,residential,3,8135515.49,1731.5,,,
2024,3,الرياض,الرياض,المرسلات,شقة,apartment,سكني,residential,49,48484130.0,6087.36,7772.79810760806,8342.42,7327.88
2024,3,الرياض,الرياض,المرسلات,فيلا,villa,سكني,residential,4,21610000.0,3134.4,,,
2024,3,الرياض,الرياض,المرقب,أرض,land,تجاري,commercial,1,600000.0,115.96,,,
2024,3,الرياض,الرياض,المرقب,أرض,land,سكني,residential,24,9016526.0,2228.74,3414.78278286504,6857.37,768.71
2024,3,الرياض,الرياض,المروة,أرض,land,تجاري,commercial,9,38716000.0,15905.44,2300.38550501157,4000.0,1800.0
2024,3,الرياض,الرياض,المروة,أرض,land,سكني,residential,17,17770165.56,7514.18,2465.84725733758,3391.81,1494.25
2024,3,الرياض,الرياض,المروة,شقة,apartment,سكني,residential,7,2927825.0,1074.2206,2524.28948375395,3000.0,2204.53
2024,3,الرياض,الرياض,المروة,فيلا,villa,سكني,residential,3,3250000.0,1238.64,,,
2024,3,الرياض,الرياض,المروج,أرض,land,تجاري,commercial,1,8500000.0,968.8,,,
2024,3,الرياض,الرياض,المروج,أرض,land,سكني,residential,1,4080000.0,500.0,,,
2024,3,الرياض,الرياض,المروج,شقة,apartment,سكني,residential,13,13907815.42,1666.68,8200.73300634885,9596.45,7480.75
2024,3,الرياض,الرياض,المروج,فيلا,villa,سكني,residential,4,12300000.0,1478.91,,,
2024,3,الرياض,الرياض,المشاعل,أرض,land,تجاري,commercial,3,22144125.0,7116.25,,,
2024,3,الرياض,الرياض,المشاعل,أرض,land,سكني,residential,4,4914416.91,3451.5,,,
2024,3,الرياض,الرياض,المشرق,أرض,land,سكني,residential,120,82062000.0,116694.015,678.870137340084,814.193705188966,494.186046511628
2024,3,الرياض,الرياض,المصانع,أرض,land,تجاري,commercial,1,2374935.0,1583.292,,,
2024,3,الرياض,الرياض,المصانع,أرض,land,سكني,residential,1,2400000.0,750.0,,,
2024,3,الرياض,الرياض,المصفاة,أرض,land,تجاري,commercial,19,74386715.29,70000.025,1062.41810374091,1750.0,900.0
2024,3,الرياض,الرياض,المصفاة,أرض,land,سكني,residential,130,137866287.0,142723.91,822.452536952961,1373.45,667.49
2024,3,الرياض,الرياض,المصيف,أرض,land,تجاري,commercial,5,44925000.0,4590.0,,,
2024,3,الرياض,الرياض,المصيف,أرض,land,سكني,residential,6,12982201.0,3089.004,4323.65544381286,5800.0,2714.29
2024,3,الرياض,الرياض,المصيف,شقة,apartment,سكني,residential,43,52011526.7,5767.07,8326.75207936867,10965.61,7630.5
2024,3,الرياض,الرياض,المصيف,فيلا,villa,سكني,residential,15,52375921.0,7616.67,6646.8578774529,7804.47,6100.0
2024,3,الرياض,الرياض,المعذر,أرض,land,سكني,residential,17,74906560.0,11919.36,7572.59527563647,9552.24,4786.09
2024,3,الرياض,الرياض,المعذر,أرض,land,تجاري,commercial,9,337529607.5,22642.37,9525.75154929578,9552.24,9500.0
2024,3,الرياض,الرياض,المعذر,شقة,apartment,سكني,residential,8,9170137.5,922.79,10096.8847974241,12351.12,9003.42
2024,3,الرياض,الرياض,المعذر,فيلا,villa,سكني,residential,2,3425000.0,402.16,,,
2024,3,الرياض,الرياض,المعيزيلة,أرض,land,تجاري,commercial,1,9000288.0,3333.44,,,
2024,3,الرياض,الرياض,المعيزيلة,أرض,land,سكني,residential,34,33096972.06,11849.16,2949.1166468922,3050.0,2800.0
2024,3,الرياض,الرياض,المعيزيلة,شقة,apartment,سكني,residential,23,14378700.0,3135.04,4785.61002447733,5935.42,3401.64
2024,3,الرياض,الرياض,المعيزيلة,فيلا,villa,سكني,residential,8,8401049.38,1683.56,4340.24128799025,5144.2,2982.23
2024,3,الرياض,الرياض,الملز,أرض,land,تجاري,commercial,7,19624306.32,4706.13,5088.14692307692,5185.0,4285.71
2024,3,الرياض,الرياض,الملز,أرض,land,سكني,residential,27,36259140.33,18046.13,2586.83283075188,2916.67,1975.31
2024,3,الرياض,الرياض,الملز,شقة,apartment,سكني,residential,8,6330000.0,995.5,5925.92592592593,5931.37,5924.52
2024,3,الرياض,الرياض,الملز,فيلا,villa,سكني,residential,26,64997553.56,11647.19,5585.34386345171,7840.0,3454.55
2024,3,الرياض,الرياض,الملقا,أرض,land,تجاري,commercial,11,469862914.0,32072.42,16113.9939886138,17000.0,15000.0
2024,3,الرياض,الرياض,الملقا,أرض,land,سكني,residential,30,193929727.0,34312.12,6961.28383845409,9211.11111111111,3661.86
2024,3,الرياض,الرياض,الملقا,شقة,apartment,سكني,residential,220,255624421.13,26870.42,9828.45440786055,11184.88,8662.95
2024,3,الرياض,الرياض,الملقا,فيلا,villa,سكني,residential,109,1033647711.77,86173.937,11882.8798323005,16875.0,9375.0
2024,3,الرياض,الرياض,الملك سلمان,أرض,land,زراعي,agricultural,1,700000.0,2000.0,,,
2024,3,الرياض,الرياض,الملك سلمان,أرض,land,تجاري,commercial,1,1763125.0,2275.0,,,
2024,3,الرياض,الرياض,الملك سلمان,أرض,land,سكني,residential,7,22660950.0,6867.44,5287.47512181731,6200.0,4200.0
2024,3,الرياض,الرياض,الملك سلمان,شقة,apartment,سكني,residential,2,2060000.0,237.04,,,
2024,3,الرياض,الرياض,الملك سلمان,فيلا,villa,سكني,residential,1,2200000.0,315.0,,,
2024,3,الرياض,الرياض,الملك عبدالعزيز,أرض,land,سكني,residential,2,4056000.0,718.88,,,
2024,3,الرياض,الرياض,الملك عبدالله,أرض,land,تجاري,commercial,1,16000000.0,2500.0,,,
2024,3,الرياض,الرياض,الملك عبدالله,أرض,land,سكني,residential,6,13920000.0,1769.44,7576.92307692308,7666.67,7500.0
2024,3,الرياض,الرياض,الملك عبدالله,فيلا,villa,سكني,residential,2,7689000.0,1554.0,,,
2024,3,الرياض,الرياض,الملك فهد,أرض,land,سكني,residential,4,4123170.35,2791.0,,,
2024,3,الرياض,الرياض,الملك فهد,شقة,apartment,سكني,residential,8,14303147.0,1635.52,9053.86104624474,12396.14,8136.0
2024,3,الرياض,الرياض,الملك فهد,فيلا,villa,سكني,residential,26,74248518.69,11964.74,6119.99894571559,7807.5,4500.0
2024,3,الرياض,الرياض,الملك فيصل,أرض,land,تجاري,commercial,6,32630000.0,6619.0,4326.98412698413,4380.95,4300.0
2024,3,الرياض,الرياض,الملك فيصل,أرض,land,سكني,residential,6,10780000.0,3113.0,3859.34065934066,4500.0,1825.0
2024,3,الرياض,الرياض,الملك فيصل,شقة,apartment,سكني,residential,40,32658945.42,5901.95,5708.2868117438,6085.31,5205.19
2024,3,الرياض,الرياض,الملك فيصل,فيلا,villa,سكني,residential,14,23566111.52,4068.195,6154.87831746483,7933.33,4547.82
2024,3,الرياض,الرياض,المناخ,أرض,land,تجاري,commercial,11,14354453.0,10990.89,1620.0,1866.67,1385.71
2024,3,الرياض,الرياض,المناخ,أرض,land,سكني,residential,22,51602540.4,42803.94,1147.32833017123,1300.0,1066.67
2024,3,الرياض,الرياض,المنار,أرض,land,تجاري,commercial,9,64785072.36,18796.35,3879.74220241884,4722.22,3266.67
2024,3,الرياض,الرياض,المنار,أرض,land,سكني,residential,3,5750000.0,2200.0,,,
2024,3,الرياض,الرياض,المنار,شقة,apartment,سكني,residential,24,21971459.09,3445.1,6118.08365848001,6570.8,6039.96
2024,3,الرياض,الرياض,المنار,فيلا,villa,سكني,residential,14,30560600.0,6125.14,4726.58334503581,7203.3,4277.78
2024,3,الرياض,الرياض,المنصورة (خنشليلة),أرض,land,تجاري,commercial,14,117369600.0,27216.76,3966.59980938562,4500.0,2924.24
2024,3,الرياض,الرياض,المنصورة (خنشليلة),أرض,land,سكني,residential,26,40900142.0,15249.9,2661.95533456578,3000.0,2083.33
2024,3,الرياض,الرياض,المنصورة (خنشليلة),شقة,apartment,سكني,residential,1,310000.0,70.99,,,
2024,3,الرياض,الرياض,المنصورة (خنشليلة),فيلا,villa,سكني,residential,5,4532000.0,1058.73,,,
2024,3,الرياض,الرياض,المنصورية,أرض,land,تجاري,commercial,10,75270000.0,73950.0,1023.88316151203,1150.0,900.0
2024,3,الرياض,الرياض,المنصورية,أرض,land,سكني,residential,3,28030000.0,16650.0,,,
2024,3,الرياض,الرياض,المهدية,أرض,land,تجاري,commercial,37,105932500.0,24683.08,4013.65652614299,4750.0,3373.58
2024,3,الرياض,الرياض,المهدية,أرض,land,سكني,residential,128,223220812.1,61912.717,3328.33029222315,4630.45869682008,2444.44444444444
2024,3,الرياض,الرياض,المهدية,شقة,apartment,سكني,residential,66,51939716.0,9578.54,5283.09629671518,5780.85,4934.58
2024,3,الرياض,الرياض,المهدية,عمارة,building,سكني,residential,7,3990000.0,336.17,12002.4225072951,12222.22,11785.25
2024,3,الرياض,الرياض,المهدية,فيلا,villa,سكني,residential,186,362124724.31,72252.651,4767.71432286242,6388.88888888889,3846.15
2024,3,الرياض,الرياض,المونسية,أرض,land,تجاري,commercial,25,203862146.0,43628.03,5592.05590554716,6400.0,4600.0
2024,3,الرياض,الرياض,المونسية,أرض,land,سكني,residential,35,79569244.57,20211.35,4178.74773492432,4891.3,3226.77
2024,3,الرياض,الرياض,المونسية,شقة,apartment,سكني,residential,135,132370429.2,22129.81,5691.73251218651,6696.13,5163.2
2024,3,الرياض,الرياض,المونسية,فيلا,villa,سكني,residential,99,202264964.75,28769.41,7289.55322051155,8400.0,5726.07
2024,3,الرياض,الرياض,الناصرية,أرض,land,تجاري,commercial,1,1650000.0,86.86,,,
2024,3,الرياض,الرياض,الناصرية,أرض,land,سكني,residential,5,7504594.0,1865.57,,,
2024,3,الرياض,الرياض,النخبة,أرض,land,سكني,residential,128,62219000.0,138443.65,487.290213920663,545.634920634921,435.73
2024,3,الرياض,الرياض,النخبة,فيلا,villa,سكني,residential,1,400000.0,936.0,,,
2024,3,الرياض,الرياض,النخيل,أرض,land,تجاري,commercial,4,241370497.5,9796.28,,,
2024,3,الرياض,الرياض,النخيل,أرض,land,سكني,residential,13,84853541.17,9193.6,10065.8147120139,10973.5266666667,9333.33333333333
2024,3,الرياض,الرياض,النخيل,شقة,apartment,سكني,residential,85,98026281.73,11265.185,8464.28428053743,11506.65,7361.66
2024,3,الرياض,الرياض,النخيل,فيلا,villa,سكني,residential,31,429880646.7,26442.3,13528.7442220248,17500.0,12474.29
2024,3,الرياض,الرياض,الندوة,أرض,land,تجاري,commercial,3,7745602.61,3450.0,,,
2024,3,الرياض,الرياض,الندوة,أرض,land,سكني,residential,167,115783311.1,52240.0,2197.34446130501,2200.0,2150.0
2024,3,الرياض,الرياض,الندوة,شقة,apartment,سكني,residential,3,1359301.0,369.73,,,
2024,3,الرياض,الرياض,الندوة,فيلا,villa,سكني,residential,1,895000.0,143.88,,,
2024,3,الرياض,الرياض,الندى,أرض,land,تجاري,commercial,1,17000000.0,1950.0,,,
2024,3,الرياض,الرياض,الندى,أرض,land,سكني,residential,24,84670885.82,21293.025,3431.73667476457,4388.27,3250.0
2024,3,الرياض,الرياض,الندى,شقة,apartment,سكني,residential,62,63371327.97,6909.11,8760.72640169765,10352.66,7827.14
2024,3,الرياض,الرياض,الندى,فيلا,villa,سكني,residential,9,33136000.0,4044.0,10596.6277561608,11700.0,9156.6265060241
2024,3,الرياض,الرياض,النرجس,أرض,land,تجاري,commercial,43,388657221.0,61777.26,6438.80000285482,8571.43,5500.0
2024,3,الرياض,الرياض,النرجس,أرض,land,سكني,residential,381,1315250670.4,291116.475,5231.52310233617,6100.0,5000.0
2024,3,الرياض,الرياض,النرجس,شقة,apartment,سكني,residential,676,683917629.51,88291.4299999999,7461.28559109302,8816.22,6540.8
2024,3,الرياض,الرياض,النرجس,عمارة,building,سكني,residential,1,12100000.0,1678.83,,,
2024,3,الرياض,الرياض,النرجس,فيلا,villa,سكني,residential,404,1514597081.28,154017.3257,10071.1254507989,12640.0,7500.0
2024,3,الرياض,الرياض,النزهة,شقة,apartment,سكني,residential,38,50848726.0,5681.23,8979.11309005122,9701.92,8108.98
2024,3,الرياض,الرياض,النزهة,فيلا,villa,سكني,residential,15,71403840.0,8358.75,8594.96509025422,9050.0,7351.7264166529
2024,3,الرياض,الرياض,النسيم الشرقي,أرض,land,تجاري,commercial,18,61412757.82,20780.0,2927.8527319202,4166.67,1660.0
2024,3,الرياض,الرياض,النسيم الشرقي,أرض,land,سكني,residential,34,42874748.65,17085.27,2264.21183733932,2880.43,1695.08
2024,3,الرياض,الرياض,النسيم الشرقي,شقة,apartment,سكني,residential,2,819809.18,250.0,,,
2024,3,الرياض,الرياض,النسيم الشرقي,فيلا,villa,سكني,residential,4,3926562.0,872.14,,,
2024,3,الرياض,الرياض,النسيم الغربي,أرض,land,تجاري,commercial,18,50469686.0,18393.75,2930.21880544057,4000.0,2333.78
2024,3,الرياض,الرياض,النسيم الغربي,أرض,land,سكني,residential,82,76106948.48,40668.5,2100.66734276799,2571.43,1540.0
2024,3,الرياض,الرياض,النسيم الغربي,شقة,apartment,سكني,residential,6,3823553.0,708.2,5892.84576670701,6663.29,5425.33
2024,3,الرياض,الرياض,النسيم الغربي,فيلا,villa,سكني,residential,22,24298307.0,6322.23,4513.28759656778,5131.36,3610.63
2024,3,الرياض,الرياض,النظيم,أرض,land,تجاري,commercial,659,1212395585.13,1481838.52,992.153757689012,1401.17,780.96
2024,3,الرياض,الرياض,النظيم,أرض,land,سكني,residential,3913,1798654988.44,1598392.965,1114.16130634533,1380.0,998.49
2024,3,الرياض,الرياض,النظيم,شقة,apartment,سكني,residential,19,8158459.0,3148.95,3159.35732746488,4962.6,804.35
2024,3,الرياض,الرياض,النظيم,فيلا,villa,سكني,residential,21,32473682.13,8099.405,3829.24837907319,4468.67,3340.08
2024,3,الرياض,الرياض,النفل,أرض,land,سكني,residential,4,6191128.41,1464.49,,,
2024,3,الرياض,الرياض,النفل,شقة,apartment,سكني,residential,2,1554810.0,234.52,,,
2024,3,الرياض,الرياض,النفل,فيلا,villa,سكني,residential,8,19070627.27,2311.78,7832.91198277553,10289.48,7038.46153846154
2024,3,الرياض,الرياض,النموذجية,فيلا,villa,سكني,residential,2,6350000.0,1376.5,,,
2024,3,الرياض,الرياض,النهضة,أرض,land,تجاري,commercial,8,40211350.0,12087.5,2901.95841010792,3500.0,1610.0
2024,3,الرياض,الرياض,النهضة,أرض,land,سكني,residential,63,80041985.81,33434.74,2923.87575212701,3437.5,1945.24
2024,3,الرياض,الرياض,النهضة,شقة,apartment,سكني,residential,52,41210508.0,7382.1,5258.83156490247,7348.52,4395.86
2024,3,الرياض,الرياض,النهضة,فيلا,villa,سكني,residential,91,164532420.46,34030.12,4731.08284680227,7636.36,3708.43989769821
2024,3,الرياض,الرياض,النور,أرض,land,تجاري,commercial,2,7500000.0,3150.0,,,
2024,3,الرياض,الرياض,النور,أرض,land,سكني,residential,10,13594740.18,9449.02,1184.39247318406,1500.0,1052.11
2024,3,الرياض,الرياض,الهدا,أرض,land,سكني,residential,7,90630406.0,16186.55,4714.22397458227,5300.0,2004.18
2024,3,الرياض,الرياض,الهدا,فيلا,villa,سكني,residential,6,26152232.0,2229.415,11373.707671397,11524.69,11266.05
2024,3,الرياض,الرياض,الوادي,أرض,land,تجاري,commercial,1,13250000.0,1250.0,,,
2024,3,الرياض,الرياض,الوادي,أرض,land,سكني,residential,3,8848000.0,1572.0,,,
2024,3,الرياض,الرياض,الوادي,شقة,apartment,سكني,residential,14,12945972.88,1665.36,7205.78621312275,7875.59,6858.08
2024,3,الرياض,الرياض,الوادي,فيلا,villa,سكني,residential,7,15218000.0,1882.71,9096.5424337674,10880.0,8280.51
2024,3,الرياض,الرياض,الورود,أرض,land,تجاري,commercial,4,64146226.42,5416.0,,,
2024,3,الرياض,الرياض,الورود,أرض,land,سكني,residential,4,11680000.0,1839.25,,,
2024,3,الرياض,الرياض,الورود,شقة,apartment,سكني,residential,2,2520000.0,169.99,,,
2024,3,الرياض,الرياض,الورود,فيلا,villa,سكني,residential,29,185580433.58,20421.9565,8668.82594508164,10791.37,7500.0
2024,3,الرياض,الرياض,الوزارات,أرض,land,تجاري,commercial,2,29726600.0,2627.25,,,
2024,3,الرياض,الرياض,الوزارات,أرض,land,سكني,residential,11,9897395.0,1667.39,4967.1931637758,7407.36,1680.95
2024,3,الرياض,الرياض,الوسام,أرض,land,زراعي,agricultural,1,1150000.0,2000.0,,,
2024,3,الرياض,الرياض,الوسام,أرض,land,تجاري,commercial,21,7362060.0,6597.2,1050.0,1050.0,1050.0
2024,3,الرياض,الرياض,الوسام,أرض,land,سكني,residential,291,132750999.6,90340.43,1318.27195434248,2000.0,799.99
2024,3,الرياض,الرياض,الوسيطا,أرض,land,سكني,residential,1,704000.0,154.08,,,
2024,3,الرياض,الرياض,الوشام,أرض,land,سكني,residential,6,7074410.0,2416.15,3093.43434343434,4436.45,1600.0
2024,3,الرياض,الرياض,الوشام,عمارة,building,سكني,residential,1,1450000.0,425.0,,,
2024,3,الرياض,الرياض,الوشام,فيلا,villa,سكني,residential,1,500000.0,268.0,,,
2024,3,الرياض,الرياض,الياسمين,أرض,land,تجاري,commercial,9,318498388.0,20542.893,13170.3056768559,14500.0,11851.85
2024,3,الرياض,الرياض,الياسمين,أرض,land,سكني,residential,28,71681702.7,12719.99,5611.50495702289,7300.0,3322.83
2024,3,الرياض,الرياض,الياسمين,شقة,apartment,سكني,residential,127,133493216.04,17655.98,8287.54692500514,10046.27,6782.74
2024,3,الرياض,الرياض,الياسمين,فيلا,villa,سكني,residential,109,925003495.87,60591.436,9227.72716047329,13214.29,7458.72
2024,3,الرياض,الرياض,اليرموك,أرض,land,تجاري,commercial,10,124840500.0,20950.37,4956.93811837648,8051.53,3600.0
2024,3,الرياض,الرياض,اليرموك,أرض,land,سكني,residential,26,61695580.5,15115.7,4174.32818395024,4400.0,3200.0
2024,3,الرياض,الرياض,اليرموك,شقة,apartment,سكني,residential,82,70344399.55,12632.169,5830.06664229415,6589.78997393837,4880.09
2024,3,الرياض,الرياض,اليرموك,فيلا,villa,سكني,residential,36,76618294.0,14368.12,5621.14085404048,7800.0,5066.67
2024,3,الرياض,الرياض,اليمامة,أرض,land,سكني,residential,43,27565450.0,13247.43,2230.920505893,3376.31,1351.35
2024,3,الرياض,الرياض,اليمامة,عمارة,building,سكني,residential,1,700000.0,217.22,,,
2024,3,الرياض,الرياض,اليمامة,فيلا,villa,سكني,residential,1,760000.0,314.04,,,
2024,3,الرياض,الرياض,بدر,أرض,land,تجاري,commercial,21,78634568.25,79021.92,1327.18139439337,2050.0,950.0
2024,3,الرياض,الرياض,بدر,أرض,land,سكني,residential,387,243648967.05,152934.5,1328.98979503468,3284.323876579,939.999295787046
2024,3,الرياض,الرياض,بدر,شقة,apartment,سكني,residential,158,83569010.1,26795.915,3194.57403242965,3901.76,2675.12
2024,3,الرياض,الرياض,بدر,فيلا,villa,سكني,residential,738,593769393.77,183945.615,3375.22103704107,3919.37,2775.94
2024,3,الرياض,الرياض,بدون اسم_1,أرض,land,سكني,residential,3,900000.0,1951.5,,,
2024,3,الرياض,الرياض,بنبان,أرض,land,تجاري,commercial,1,6000000.0,2450.0,,,
2024,3,الرياض,الرياض,بنبان,أرض,land,سكني,residential,1,245000000.0,411336.11,,,
2024,3,الرياض,الرياض,ثليم,أرض,land,تجاري,commercial,1,800000.0,306.0,,,
2024,3,الرياض,الرياض,ثليم,أرض,land,سكني,residential,13,7332000.0,1741.89,3403.84574852992,7441.58,1219.51
2024,3,الرياض,الرياض,جرير,أرض,land,تجاري,commercial,2,11600000.0,3231.0,,,
2024,3,الرياض,الرياض,جرير,أرض,land,سكني,residential,21,34006517.72,8427.41,4392.75234613904,6697.92,3138.0
2024,3,الرياض,الرياض,جرير,شقة,apartment,سكني,residential,4,2836106.17,515.38,,,
2024,3,الرياض,الرياض,جرير,فيلا,villa,سكني,residential,1,1300000.0,430.0,,,
2024,3,الرياض,الرياض,حطين,أرض,land,تجاري,commercial,11,717052180.0,70322.9,10214.9399632479,12852.7,9300.0
2024,3,الرياض,الرياض,حطين,أرض,land,سكني,residential,75,1217352419.77,169874.05,7002.01304595139,7200.0,6850.0
2024,3,الرياض,الرياض,حطين,شقة,apartment,سكني,residential,134,181146150.58,20428.19,8824.67180153237,9873.23,7735.26
2024,3,الرياض,الرياض,حطين,فيلا,villa,سكني,residential,42,463158225.0,42257.19,10320.8891411203,14188.19,9500.0
2024,3,الرياض,الرياض,ديراب,أرض,land,تجاري,commercial,18,31706550.0,15661.92,1805.68269615705,1838.0,1749.95
2024,3,الرياض,الرياض,ديراب,أرض,land,سكني,residential,44,37516574.0,19423.05,1740.3352277251,2777.78,1170.0
2024,3,الرياض,الرياض,ديراب,شقة,apartment,سكني,residential,31,16551844.0,4906.62,3562.42910387295,4013.33,2985.16
2024,3,الرياض,الرياض,ديراب,فيلا,villa,سكني,residential,3,2148850.0,703.03,,,
2024,3,الرياض,الرياض,سكيرينة,أرض,land,تجاري,commercial,1,950000.0,178.0,,,
2024,3,الرياض,الرياض,سكيرينة,أرض,land,سكني,residential,5,1260000.0,520.8,,,
2024,3,الرياض,الرياض,سلطانة,أرض,land,سكني,residential,15,7154394.68,6340.88,1280.19787256123,1419.95,1041.67
2024,3,الرياض,الرياض,سلطانة,فيلا,villa,سكني,residential,7,5195000.0,1430.24,4086.57170515835,4827.81,3265.91
2024,3,الرياض,الرياض,شبرا,أرض,land,تجاري,commercial,1,1285000.0,443.5,,,
2024,3,الرياض,الرياض,شبرا,أرض,land,سكني,residential,31,36984615.12,14390.0,2517.82893252088,2833.6,2108.43
2024,3,الرياض,الرياض,شبرا,شقة,apartment,سكني,residential,3,1908000.0,463.18,,,
2024,3,الرياض,الرياض,شبرا,فيلا,villa,سكني,residential,6,6330000.0,2156.35,2704.27867591755,3000.21,2400.0
2024,3,الرياض,الرياض,صياح,أرض,land,سكني,residential,1,175000.0,151.76,,,
2024,3,الرياض,الرياض,ضاحية نمار,أرض,land,تجاري,commercial,107,223244166.0,142226.86,1345.45077166216,2222.22,1000.0
2024,3,الرياض,الرياض,ضاحية نمار,أرض,land,سكني,residential,894,884771907.5,1286469.4238,1053.22793406923,1257.18390804598,875.0
2024,3,الرياض,الرياض,ضاحية نمار,شقة,apartment,سكني,residential,37,20826487.0,5609.941,3836.04985388116,4631.8,2850.57
2024,3,الرياض,الرياض,ضاحية نمار,فيلا,villa,سكني,residential,619,568799016.47,310581.7792,1636.90146126051,2341.6,1388.89
2024,3,الرياض,الرياض,طويق,أرض,land,تجاري,commercial,47,204079876.0,70316.9,2626.71408814534,3125.0,2250.0
2024,3,الرياض,الرياض,طويق,أرض,land,سكني,residential,116,115980283.37,63345.42,1907.85990533189,2219.05,1596.24
2024,3,الرياض,الرياض,طويق,شقة,apartment,سكني,residential,449,285745306.88,77118.99,3704.17963705661,4286.96,3185.21
2024,3,الرياض,الرياض,طويق,فيلا,villa,سكني,residential,501,518796630.53,135762.975,4111.31813747675,4768.0,3200.0
2024,3,الرياض,الرياض,طيبة,أرض,land,تجاري,commercial,39,134022675.5,114361.0,1136.12112350741,1200.0,1100.0
2024,3,الرياض,الرياض,طيبة,أرض,land,سكني,residential,35,192469494.0,169804.74,1044.29611304426,1200.0,950.0
2024,3,الرياض,الرياض,طيبة,شقة,apartment,سكني,residential,2,967754.32,270.99,,,
2024,3,الرياض,الرياض,طيبة,فيلا,villa,سكني,residential,35,63281001.27,33439.8,2282.98155125644,3766.2,1650.0
2024,3,الرياض,الرياض,ظهرة البديعة,أرض,land,تجاري,commercial,6,18958000.0,5851.4,2932.13627631631,5066.67,2263.78
2024,3,الرياض,الرياض,ظهرة البديعة,أرض,land,سكني,residential,63,77459721.75,32574.49,2232.98245725599,4000.0,1659.09
2024,3,الرياض,الرياض,ظهرة البديعة,شقة,apartment,سكني,residential,14,8845150.0,2055.92,4650.01282004322,4838.3,4518.87293992557
2024,3,الرياض,الرياض,ظهرة البديعة,فيلا,villa,سكني,residential,31,29568178.0,10267.17,3099.95778792546,4555.54,2054.24
2024,3,الرياض,الرياض,ظهرة لبن,أرض,land,تجاري,commercial,47,208505222.0,69047.44,3648.27974807725,4383.33,3000.0
2024,3,الرياض,الرياض,ظهرة لبن,أرض,land,سكني,residential,48,54157382.2,27460.98,2084.12383720769,2513.68,1425.0
2024,3,الرياض,الرياض,ظهرة لبن,شقة,apartment,سكني,residential,230,153067487.06,33985.904,4627.04181733734,5437.91,3184.14
2024,3,الرياض,الرياض,ظهرة لبن,فيلا,villa,سكني,residential,135,235960519.62,58315.455,3925.65412695972,5000.0,3066.67
2024,3,الرياض,الرياض,عتيقة,أرض,land,سكني,residential,13,6902721.0,3826.54,1864.83734642358,2892.77,735.29
2024,3,الرياض,الرياض,عتيقة,عمارة,building,سكني,residential,1,100000.0,104.6,,,
2024,3,الرياض,الرياض,عرقة,أرض,land,تجاري,commercial,4,70847253.6,5325.0,,,
2024,3,الرياض,الرياض,عرقة,أرض,land,سكني,residential,13,123593310.25,26334.188,4941.31203944944,6000.0,3215.61
2024,3,الرياض,الرياض,عرقة,شقة,apartment,سكني,residential,23,32072356.0,3537.3,8280.99246268,9431.22,7758.53
2024,3,الرياض,الرياض,عرقة,فيلا,villa,سكني,residential,35,393562671.6,32498.233,11174.2962929992,15302.16,7403.44
2024,3,الرياض,الرياض,عريض,أرض,land,تجاري,commercial,46,1284927804.0,3807333.022,972.642206496499,1166.67,813.01
2024,3,الرياض,الرياض,عريض,أرض,land,سكني,residential,1398,551973219.0,674425.8072,835.987025318492,995.48,666.67
2024,3,الرياض,الرياض,عريض,فيلا,villa,سكني,residential,205,99893223.0,76555.66,1173.75109581079,1300.0,1100.0
2024,3,الرياض,الرياض,عكاظ,أرض,land,تجاري,commercial,5,15570388.17,10477.64,,,
2024,3,الرياض,الرياض,عكاظ,أرض,land,سكني,residential,129,92173300.08,73885.61,1336.97844776609,1450.0,1248.8
2024,3,الرياض,الرياض,عكاظ,شقة,apartment,سكني,residential,93,52121807.73,16046.54,3242.75797622677,3885.01,2522.23
2024,3,الرياض,الرياض,عكاظ,فيلا,villa,سكني,residential,255,218958129.07,67829.4440000001,3315.84917500353,3943.09,2857.14
2024,3,الرياض,الرياض,عليشة,أرض,land,تجاري,commercial,3,6708112.0,3964.9,,,
2024,3,الرياض,الرياض,عليشة,فيلا,villa,سكني,residential,4,12080700.0,4759.28,,,
2024,3,الرياض,الرياض,غبيرا,أرض,land,تجاري,commercial,2,5750000.0,1000.18,,,
2024,3,الرياض,الرياض,غبيرا,أرض,land,سكني,residential,45,26746807.0,9762.96,2541.98418871889,3571.43,1666.67
2024,3,الرياض,الرياض,غرناطة,أرض,land,تجاري,commercial,7,132958000.0,23515.0,8000.0,8615.38,7619.05
2024,3,الرياض,الرياض,غرناطة,أرض,land,سكني,residential,4,4146876.97,1237.5,,,
2024,3,الرياض,الرياض,غرناطة,شقة,apartment,سكني,residential,19,15612152.59,2780.72,5900.48597552641,6667.18,4277.06
2024,3,الرياض,الرياض,غرناطة,فيلا,villa,سكني,residential,20,35720772.46,5512.27,6081.19498378839,6973.94,5587.86
2024,3,الرياض,الرياض,قرطبة,أرض,land,تجاري,commercial,6,336722000.0,41788.18,10792.0379517096,11200.0,10182.0
2024,3,الرياض,الرياض,قرطبة,أرض,land,سكني,residential,17,39921245.42,9875.68,4465.8141408477,5800.0,2732.77
2024,3,الرياض,الرياض,قرطبة,شقة,apartment,سكني,residential,219,230735622.42,30924.418,7559.75579100762,8665.34,6680.09
2024,3,الرياض,الرياض,قرطبة,فيلا,villa,سكني,residential,31,70185905.0,10512.165,6864.72547860119,8548.84,5779.12201591512
2024,3,الرياض,الرياض,لبن,أرض,land,تجاري,commercial,13,50351800.0,12250.0,3572.90322580645,4000.0,3200.0
2024,3,الرياض,الرياض,لبن,أرض,land,سكني,residential,32,38595255.08,15884.125,2668.25411661832,3500.0,1777.78
2024,3,الرياض,الرياض,لبن,شقة,apartment,سكني,residential,48,27353259.0,7095.399,3794.28499612223,4981.6,2264.75
2024,3,الرياض,الرياض,لبن,عمارة,building,سكني,residential,3,1420000.0,170.62,,,
2024,3,الرياض,الرياض,لبن,فيلا,villa,سكني,residential,19,39046465.25,6739.7,5718.17579199591,8283.23,5111.11
2024,3,الرياض,الرياض,مطار الملك خالد الدولي,أرض,land,تجاري,commercial,7,7705169.39,1619.98,3680.48871595331,3851.09,3572.26
2024,3,الرياض,الرياض,مطار الملك خالد الدولي,أرض,land,سكني,residential,175,128940830.22,42930.87,2920.8499173344,3428.79,2499.01
2024,3,الرياض,الرياض,مطار الملك خالد الدولي,فيلا,villa,سكني,residential,5,3866500.0,1528.49,,,
2024,3,الرياض,الرياض,معكال,أرض,land,سكني,residential,1,270000.0,107.13,,,
2024,3,الرياض,الرياض,مغرزات,أرض,land,تجاري,commercial,1,51000000.0,2535.15,,,
2024,3,الرياض,الرياض,مغرزات,أرض,land,سكني,residential,3,11068514.71,1410.0,,,
2024,3,الرياض,الرياض,مغرزات,شقة,apartment,سكني,residential,9,11190000.0,1303.9,8671.14478377464,9958.78606219558,7834.43
2024,3,الرياض,الرياض,مغرزات,فيلا,villa,سكني,residential,6,6051000.0,3336.11,1899.95979506549,5452.13,1600.0
2024,3,الرياض,الرياض,منفوحة,أرض,land,تجاري,commercial,3,5000000.0,1428.01,,,
2024,3,الرياض,الرياض,منفوحة,أرض,land,سكني,residential,105,50583437.0,16525.52,2860.48879682604,4310.34,1588.48
2024,3,الرياض,الرياض,منفوحة,عمارة,building,سكني,residential,1,200000.0,112.0,,,
2024,3,الرياض,الرياض,منفوحة الجديدة,أرض,land,سكني,residential,41,25638200.0,6941.88,3094.53259415026,4828.59,739.64
2024,3,الرياض,الرياض,نمار,أرض,land,سكني,residential,6,5282503.0,1911.8,2910.38958015667,4512.02695956066,1599.95516097211
2024,3,الرياض,الرياض,نمار,شقة,apartment,سكني,residential,2,1795000.0,491.26,,,
2024,3,الرياض,الرياض,نمار,فيلا,villa,سكني,residential,12,15501900.0,4323.46,3944.04859858896,4482.03,2950.56
2024,3,الرياض,الرياض,هيت,أرض,land,سكني,residential,2,34720000.0,573500.0,,,
2024,3,الرياض,الرياض,وادي لبن,أرض,land,تجاري,commercial,1,1150000.0,400.0,,,
2024,3,الرياض,الرياض,وادي لبن,أرض,land,سكني,residential,2,2115000.0,817.97,,,
2024,3,الرياض,الرياض,وادي لبن,فيلا,villa,سكني,residential,5,7060000.0,1798.97,,,
2024,4,الرياض,الرياض,أحد,أرض,land,تجاري,commercial,2,2347750.0,1120.75,,,
2024,4,الرياض,الرياض,أحد,أرض,land,سكني,residential,17,12449700.0,8733.0,1338.51621501555,1371.43,1282.05
2024,4,الرياض,الرياض,أحد,شقة,apartment,سكني,residential,17,6169000.0,2124.88,2907.85323850131,3292.42,2665.96
2024,4,الرياض,الرياض,أحد,فيلا,villa,سكني,residential,29,25586307.29,9146.37,3010.71593202068,3930.21,2044.21
2024,4,الرياض,الرياض,أم الحمام الشرقي,أرض,land,سكني,residential,28,36423500.0,5441.39,5831.71805846992,7521.37,4273.5
2024,4,الرياض,الرياض,أم الحمام الشرقي,شقة,apartment,سكني,residential,1,900000.0,74.24,,,
2024,4,الرياض,الرياض,أم الحمام الشرقي,فيلا,villa,سكني,residential,4,9015000.0,1086.9,,,
2024,4,الرياض,الرياض,أم الحمام الغربي,أرض,land,سكني,residential,16,26495921.15,6748.3,4723.56223987893,5333.33,4100.0
2024,4,الرياض,الرياض,أم الحمام الغربي,شقة,apartment,سكني,residential,2,1890000.0,166.21,,,
2024,4,الرياض,الرياض,أم الحمام الغربي,فيلا,villa,سكني,residential,4,5240000.0,702.25,,,
2024,4,الرياض,الرياض,أم الشعال,أرض,land,سكني,residential,1,1600000.0,10000.0,,,
2024,4,الرياض,الرياض,إشبيلية,أرض,land,تجاري,commercial,4,52531500.0,8333.0,,,
2024,4,الرياض,الرياض,إشبيلية,أرض,land,سكني,residential,24,25365752.76,11142.82,1840.91131381823,2479.9,1377.06
2024,4,الرياض,الرياض,إشبيلية,شقة,apartment,سكني,residential,41,23212315.53,6342.321,3517.20393780174,6256.68,1626.08
2024,4,الرياض,الرياض,إشبيلية,فيلا,villa,سكني,residential,29,59244534.0,11012.13,5534.99020494154,6770.83,4331.78408349641
2024,4,الرياض,الرياض,الأندلس,أرض,land,تجاري,commercial,1,6200000.0,990.0,,,
2024,4,الرياض,الرياض,الأندلس,أرض,land,سكني,residential,33,41235499.6,10046.515,4414.7825949476,4629.63,4000.0
2024,4,الرياض,الرياض,الأندلس,شقة,apartment,سكني,residential,31,19803587.48,3715.73,5862.5552212659,7031.07,4754.77
2024,4,الرياض,الرياض,الأندلس,فيلا,villa,سكني,residential,19,32760667.0,6604.075,4871.07908554332,7042.97,3600.0
2024,4,الرياض,الرياض,الإزدهار,أرض,land,سكني,residential,5,10936365.44,1326.85,,,
2024,4,الرياض,الرياض,الإزدهار,شقة,apartment,سكني,residential,41,46750612.0,5614.72,8500.45148180897,10765.05,6255.69
2024,4,الرياض,الرياض,الإزدهار,فيلا,villa,سكني,residential,8,15664000.0,2077.68,8377.25733123223,9424.78,7635.25
2024,4,الرياض,الرياض,الإسكان,أرض,land,سكني,residential,4,48250188.0,82383.86,,,
2024,4,الرياض,الرياض,البديعة,أرض,land,تجاري,commercial,1,3062430.0,1020.81,,,
2024,4,الرياض,الرياض,البديعة,أرض,land,سكني,residential,28,12518780.08,7617.18,1887.43280796657,2200.0,1136.6
2024,4,الرياض,الرياض,البديعة,شقة,apartment,سكني,residential,17,13514216.0,1739.1,7615.98279472523,8207.72,7319.72
2024,4,الرياض,الرياض,البديعة,عمارة,building,سكني,residential,1,1000.0,187.0,,,
2024,4,الرياض,الرياض,البديعة,فيلا,villa,سكني,residential,13,11580641.67,2939.22,3381.78375153916,5755.7,2393.4
2024,4,الرياض,الرياض,البرية,أرض,land,تجاري,commercial,3,3260000.0,2160.0,,,
2024,4,الرياض,الرياض,البرية,أرض,land,سكني,residential,28,22526906.0,13525.0,1539.09989594173,2715.15,1055.56
2024,4,الرياض,الرياض,البرية,شقة,apartment,سكني,residential,2,1355300.0,381.4,,,
2024,4,الرياض,الرياض,البرية,فيلا,villa,سكني,residential,1,500000.0,184.84,,,
2024,4,الرياض,الرياض,البيان,أرض,land,تجاري,commercial,17,79667354.0,31978.19,2441.15461188354,2475.72,2405.21
2024,4,الرياض,الرياض,البيان,أرض,land,سكني,residential,137,228877672.41,77799.31,3060.93189007873,3549.99,2300.0
2024,4,الرياض,الرياض,البيان,شقة,apartment,سكني,residential,32,21740855.0,3949.23,5450.47882756836,8008.21,4135.4
2024,4,الرياض,الرياض,البيان,فيلا,villa,سكني,residential,50,46438059.0,9624.11,4845.74849209887,5280.86,4353.96
2024,4,الرياض,الرياض,التعاون,أرض,land,تجاري,commercial,1,5688375.0,541.75,,,
2024,4,الرياض,الرياض,التعاون,أرض,land,سكني,residential,6,47448000.0,4420.86,10649.3274344193,10787.3756883373,10285.4357363375
2024,4,الرياض,الرياض,التعاون,شقة,apartment,سكني,residential,7,7280000.0,852.15,8405.23416855042,9189.07,7661.34
2024,4,الرياض,الرياض,التعاون,فيلا,villa,سكني,residential,5,19431203.0,2815.79,,,
2024,4,الرياض,الرياض,الجرادية,أرض,land,سكني,residential,13,2675750.0,2258.23,1155.18951701525,1500.0,850.0
2024,4,الرياض,الرياض,الجرادية,فيلا,villa,سكني,residential,23,17315077.0,4693.65,3769.82123017877,4904.21,2197.8
2024,4,الرياض,الرياض,الجزيرة,أرض,land,تجاري,commercial,1,25638535.0,4590.3,,,
2024,4,الرياض,الرياض,الجزيرة,أرض,land,سكني,residential,16,26698449.76,8602.0,3065.61921992199,5190.48,1580.58
2024,4,الرياض,الرياض,الجزيرة,شقة,apartment,سكني,residential,1,792000.0,113.77,,,
2024,4,الرياض,الرياض,الجزيرة,فيلا,villa,سكني,residential,8,9521725.92,3691.7,3133.608815427,3305.78512396694,2995.87
2024,4,الرياض,الرياض,الجنادرية,أرض,land,تجاري,commercial,100,1122927544.6,30515096.244,1882.39234330287,2100.01,1400.0
2024,4,الرياض,الرياض,الجنادرية,أرض,land,سكني,residential,1690,894945382.27,563126.404,1601.49566142468,1850.0,1326.6
2024,4,الرياض,الرياض,الجنادرية,شقة,apartment,سكني,residential,64,45062518.0,9704.55,4648.93278090982,7404.84,3607.58
2024,4,الرياض,الرياض,الجنادرية,فيلا,villa,سكني,residential,487,475582470.68,155387.248,2755.59214400229,4308.67,2188.55
2024,4,الرياض,الرياض,الحائر,أرض,land,زراعي,agricultural,2,1690000.0,5600.0,,,
2024,4,الرياض,الرياض,الحائر,أرض,land,تجاري,commercial,7,13028935.7,33388.5,410.0,410.0,410.0
2024,4,الرياض,الرياض,الحائر,أرض,land,سكني,residential,43,27525046.3,51975.75,480.018275210497,1052.63,357.14
2024,4,الرياض,الرياض,الحائر,عمارة,building,سكني,residential,1,250000.0,225.0,,,
2024,4,الرياض,الرياض,الحائر,فيلا,villa,سكني,residential,1,500000.0,212.55,,,
2024,4,الرياض,الرياض,الحزم,أرض,land,تجاري,commercial,25,61218008.0,33258.41,1750.0053682942,2000.0,1550.0
2024,4,الرياض,الرياض,الحزم,أرض,land,سكني,residential,39,32604302.07,20263.83,1919.50287620206,2074.61,1670.35
2024,4,الرياض,الرياض,الحزم,شقة,apartment,سكني,residential,40,18671659.93,5855.773,3619.12259831821,4414.13,2897.35
2024,4,الرياض,الرياض,الحزم,فيلا,villa,سكني,residential,96,101076925.0,26026.86,3816.70429978381,4495.33,3200.0
2024,4,الرياض,الرياض,الحمراء,أرض,land,تجاري,commercial,3,69610720.0,9227.68,,,
2024,4,الرياض,الرياض,الحمراء,أرض,land,سكني,residential,11,47573076.7,10459.2,5167.71332798571,5500.0,3402.09
2024,4,الرياض,الرياض,الحمراء,شقة,apartment,سكني,residential,62,57452862.62,8454.63,6940.86909172969,7973.67,6219.3
2024,4,الرياض,الرياض,الحمراء,فيلا,villa,سكني,residential,24,69834598.33,11842.77,7036.75889057491,7615.71,6667.4004040404
2024,4,الرياض,الرياض,الخالدية,أرض,land,تجاري,commercial,2,20300000.0,8131.64,,,
2024,4,الرياض,الرياض,الخالدية,أرض,land,سكني,residential,26,23461723.0,9593.21,2192.48664817292,2962.96,1853.91
2024,4,الرياض,الرياض,الخالدية,شقة,apartment,سكني,residential,1,400000.0,168.25,,,
2024,4,الرياض,الرياض,الخالدية,عمارة,building,سكني,residential,1,1310000.0,223.59,,,
2024,4,الرياض,الرياض,الخالدية,فيلا,villa,سكني,residential,11,8054001.0,2348.68,3539.95967830539,3938.67,2904.43
2024,4,الرياض,الرياض,الخزامى,أرض,land,تجاري,commercial,8,345748325.93,38625.66,9823.62830961144,12758.29,8671.97
2024,4,الرياض,الرياض,الخزامى,أرض,land,سكني,residential,23,381231887.1,28518.58,14425.7289306744,16367.39,12960.81
2024,4,الرياض,الرياض,الخزامى,شقة,apartment,سكني,residential,3,4585105.8,427.48,,,
2024,4,الرياض,الرياض,الخليج,أرض,land,تجاري,commercial,7,61832200.0,9783.53,4300.0,4300.0,4300.0
2024,4,الرياض,الرياض,الخليج,أرض,land,سكني,residential,28,95929824.08,18605.71,3629.77836073219,4350.0,2444.44
2024,4,الرياض,الرياض,الخليج,شقة,apartment,سكني,residential,25,19754049.0,3361.52,6014.06717890387,6707.55,5020.75
2024,4,الرياض,الرياض,الخليج,فيلا,villa,سكني,residential,44,75062041.46,16224.852,4845.16360584428,8720.69107363225,3846.15
2024,4,الرياض,الرياض,الخير,أرض,land,تجاري,commercial,33,649097000.0,1132576.14,3057.78729842828,3674.7,2166.67
2024,4,الرياض,الرياض,الخير,أرض,land,سكني,residential,1048,1293138566.0,591289.572,2150.70936628865,2472.22,1828.57
2024,4,الرياض,الرياض,الخير,فيلا,villa,سكني,residential,4,4455000.0,1875.0,,,
2024,4,الرياض,الرياض,الدار البيضاء,أرض,land,تجاري,commercial,23,70023046.0,26923.65,2207.92001726174,2800.0,1800.0
2024,4,الرياض,الرياض,الدار البيضاء,أرض,land,سكني,residential,59,51407881.24,36883.314,1437.99014436435,1675.0,1031.19
2024,4,الرياض,الرياض,الدار البيضاء,شقة,apartment,سكني,residential,128,48406953.31,17176.77,3024.0142849277,3396.38,2709.62
2024,4,الرياض,الرياض,الدار البيضاء,فيلا,villa,سكني,residential,133,116995031.35,40026.1,3129.93132544265,3920.52,2307.85
2024,4,الرياض,الرياض,الدريهمية,أرض,land,سكني,residential,12,17274995.21,6058.16,2417.36697765721,3016.84,1973.48
2024,4,الرياض,الرياض,الدريهمية,شقة,apartment,سكني,residential,20,10145827.55,3260.235,3295.43427213069,3639.27,3068.0
2024,4,الرياض,الرياض,الدريهمية,فيلا,villa,سكني,residential,1,420000.0,156.3,,,
2024,4,الرياض,الرياض,الدفاع,أرض,land,تجاري,commercial,2,3771441.0,4190.49,,,
2024,4,الرياض,الرياض,الدفاع,أرض,land,سكني,residential,5,7690000.0,6000.0,,,
2024,4,الرياض,الرياض,الدوبية,أرض,land,سكني,residential,2,1840000.0,438.26,,,
2024,4,الرياض,الرياض,الديرة,أرض,land,سكني,residential,7,6762683.34,2728.78,1147.38242986026,2050.0,825.94
2024,4,الرياض,الرياض,الرائد,أرض,land,تجاري,commercial,1,11050000.0,749.92,,,
2024,4,الرياض,الرياض,الرائد,أرض,land,سكني,residential,4,11940000.0,2774.0,,,
2024,4,الرياض,الرياض,الرائد,شقة,apartment,سكني,residential,11,16193000.0,1444.1,11273.0830680819,12042.11,10792.3
2024,4,الرياض,الرياض,الرائد,فيلا,villa,سكني,residential,2,3641122.56,338.67,,,
2024,4,الرياض,الرياض,الراية,أرض,land,سكني,residential,54,28199308.0,48674.74,564.163592698373,633.333333333333,500.0
2024,4,الرياض,الرياض,الربوة,أرض,land,تجاري,commercial,9,134617998.3,21174.82,5627.73888271933,6143.86,5500.0
2024,4,الرياض,الرياض,الربوة,أرض,land,سكني,residential,14,35410150.0,11188.3,3691.41710596827,4255.32,3136.0
2024,4,الرياض,الرياض,الربوة,شقة,apartment,سكني,residential,12,14392140.0,1887.16,7923.18093580561,8349.94,7555.25
2024,4,الرياض,الرياض,الربوة,فيلا,villa,سكني,residential,28,79827537.0,14731.15,5062.03236858041,5557.89,4842.81
2024,4,الرياض,الرياض,الربيع,أرض,land,تجاري,commercial,2,65000000.0,7278.82,,,
2024,4,الرياض,الرياض,الربيع,أرض,land,سكني,residential,7,11880697.65,3344.56,4155.89523831078,5219.33,2386.36
2024,4,الرياض,الرياض,الربيع,شقة,apartment,سكني,residential,20,21404000.0,3052.9,6235.2356716312,6622.03,6016.09
2024,4,الرياض,الرياض,الربيع,فيلا,villa,سكني,residential,21,82857741.0,7169.29,11515.8897346672,14966.67,4827.04038461538
2024,4,الرياض,الرياض,الرحمانية,أرض,land,تجاري,commercial,4,121751850.0,7378.9,,,
2024,4,الرياض,الرياض,الرحمانية,شقة,apartment,سكني,residential,2,2150000.0,146.47,,,
2024,4,الرياض,الرياض,الرحمانية,فيلا,villa,سكني,residential,10,67829100.0,5264.24,11337.2964332101,12760.4166666667,8972.82515809263
2024,4,الرياض,الرياض,الرسالة,أرض,land,سكني,residential,39,31390000.0,78681.62,402.26608271089,450.0,350.0
2024,4,الرياض,الرياض,الرفيعة,أرض,land,تجاري,commercial,1,80000000.0,12362.0,,,
2024,4,الرياض,الرياض,الرفيعة,أرض,land,سكني,residential,14,14634999.3,5604.4,3394.47836793771,4350.0,2389.17
2024,4,الرياض,الرياض,الرفيعة,شقة,apartment,سكني,residential,1,720000.0,132.99,,,
2024,4,الرياض,الرياض,الرفيعة,فيلا,villa,سكني,residential,18,57549139.53,8080.86,6728.64998858845,8752.26,5423.08
2024,4,الرياض,الرياض,الرمال,أرض,land,تجاري,commercial,72,10748092523.84,75579635.689,2565.46043365786,5100.0,1600.0
2024,4,الرياض,الرياض,الرمال,أرض,land,سكني,residential,578,578950788.23,224168.285,2608.90159943534,3300.0,2224.64
2024,4,الرياض,الرياض,الرمال,شقة,apartment,سكني,residential,419,332708955.22,58872.5,5570.97170422665,6523.68,4730.64
2024,4,الرياض,الرياض,الرمال,فيلا,villa,سكني,residential,1279,1653338575.08,405368.695,3858.82533231632,5576.4,3447.09
2024,4,الرياض,الرياض,الروابي,أرض,land,تجاري,commercial,5,23421500.0,3920.25,,,
2024,4,الرياض,الرياض,الروابي,أرض,land,سكني,residential,18,24386830.4,7318.01,4025.77108316866,5016.72,2508.41
2024,4,الرياض,الرياض,الروابي,شقة,apartment,سكني,residential,30,29046226.98,4318.21,6388.08905783329,8378.21,5469.1
2024,4,الرياض,الرياض,الروابي,فيلا,villa,سكني,residential,6,23050000.0,3676.59,6448.6075526926,6600.0,4854.58316783618
2024,4,الرياض,الرياض,الروضة,أرض,land,تجاري,commercial,7,152318489.0,25778.74,6272.50083164361,7500.0,6002.12
2024,4,الرياض,الرياض,الروضة,أرض,land,سكني,residential,17,25618767.83,9301.46,3031.99897837756,4053.44,1154.55
2024,4,الرياض,الرياض,الروضة,شقة,apartment,سكني,residential,35,32100376.41,5115.96,6698.26483748056,7393.88,6102.03
2024,4,الرياض,الرياض,الروضة,فيلا,villa,سكني,residential,31,78703808.0,12699.505,5612.20495256451,7692.30769230769,4900.0
2024,4,الرياض,الرياض,الريان,أرض,land,تجاري,commercial,2,6732481.37,1939.22,,,
2024,4,الرياض,الرياض,الريان,أرض,land,سكني,residential,15,55860955.2,10120.25,5826.50378220354,6369.57,2917.98
2024,4,الرياض,الرياض,الريان,شقة,apartment,سكني,residential,30,29555515.86,4059.619,7410.40388324371,8615.34,6555.4
2024,4,الرياض,الرياض,الريان,فيلا,villa,سكني,residential,11,41584250.0,6102.46,6938.74373324112,9328.09,5500.0
2024,4,الرياض,الرياض,الزاهر,أرض,land,سكني,residential,281,200922000.0,262291.44,745.740206623768,860.215053763441,653.935185185185
2024,4,الرياض,الرياض,الزاهر,فيلا,villa,سكني,residential,1,650000.0,840.0,,,
2024,4,الرياض,الرياض,الزهراء,أرض,land,تجاري,commercial,3,81372137.3,12836.75,,,
2024,4,الرياض,الرياض,الزهراء,أرض,land,سكني,residential,13,73876150.0,16675.66,4769.62101949389,6538.46,4238.8
2024,4,الرياض,الرياض,الزهرة,أرض,land,تجاري,commercial,2,4800000.0,1400.0,,,
2024,4,الرياض,الرياض,الزهرة,أرض,land,سكني,residential,15,17096771.84,8226.0,2243.0600091617,2440.0,2000.0
2024,4,الرياض,الرياض,الزهرة,شقة,apartment,سكني,residential,31,18763500.0,4428.59,3980.21550962727,4542.01,3472.01
2024,4,الرياض,الرياض,الزهرة,فيلا,villa,سكني,residential,33,33667957.0,10376.11,3536.86656391213,5099.0,2500.0
2024,4,الرياض,الرياض,السحاب,أرض,land,سكني,residential,700,346700165.9,220453.46,1587.58133405275,1950.0,1200.0
2024,4,الرياض,الرياض,السعادة,أرض,land,تجاري,commercial,18,57434631.0,17938.37,3311.84164927574,4000.0,2900.0
2024,4,الرياض,الرياض,السعادة,أرض,land,سكني,residential,63,82882915.48,21485.3,3572.52530637305,5056.00497822029,2600.0
2024,4,الرياض,الرياض,السعادة,شقة,apartment,سكني,residential,244,188025053.66,38981.77,4702.51857308266,5605.64,4115.23
2024,4,الرياض,الرياض,السعادة,فيلا,villa,سكني,residential,106,97997708.0,20266.47,4850.09935787939,5563.59,4140.39
2024,4,الرياض,الرياض,السلام,أرض,land,تجاري,commercial,3,7600000.0,1700.0,,,
2024,4,الرياض,الرياض,السلام,أرض,land,سكني,residential,19,39591428.73,15722.5,2972.39339044137,3500.0,1409.52
2024,4,الرياض,الرياض,السلام,شقة,apartment,سكني,residential,5,4020000.0,656.06,,,
2024,4,الرياض,الرياض,السلام,فيلا,villa,سكني,residential,15,31329387.97,7209.4,4355.25593505248,5572.31,4051.13
2024,4,الرياض,الرياض,السلي,أرض,land,تجاري,commercial,55,580748383.0,345285.143,1692.33010287236,2500.0,1303.28
2024,4,الرياض,الرياض,السلي,أرض,land,سكني,residential,53,359226326.67,244519.13,1550.75899568901,2850.0,1065.18
2024,4,الرياض,الرياض,السلي,شقة,apartment,سكني,residential,21,15825333.86,3203.58,4938.26870161315,5363.2,3784.06
2024,4,الرياض,الرياض,السلي,فيلا,villa,سكني,residential,3,2100000.0,693.14,,,
2024,4,الرياض,الرياض,السليمانية,أرض,land,تجاري,commercial,9,238666950.0,43409.17,10174.3056389676,11600.71,8400.0
2024,4,الرياض,الرياض,السليمانية,أرض,land,سكني,residential,22,109087564.49,23630.59,4582.4944949501,5192.64,2564.25
2024,4,الرياض,الرياض,السليمانية,شقة,apartment,سكني,residential,31,40599627.0,3670.95,11030.4341418845,12289.05,9631.8
2024,4,الرياض,الرياض,السليمانية,فيلا,villa,سكني,residential,49,190835200.0,22967.2,7717.70502731765,10431.76,6850.0
2024,4,الرياض,الرياض,السويدي,أرض,land,تجاري,commercial,15,29153084.5,9732.88,2624.28000066639,3450.0,1818.18
2024,4,الرياض,الرياض,السويدي,أرض,land,سكني,residential,17,8452583.2,7778.08,1135.15609105902,1562.5,657.69
2024,4,الرياض,الرياض,السويدي,شقة,apartment,سكني,residential,41,23862219.8,6249.06,3941.46024941067,4526.47,3357.64
2024,4,الرياض,الرياض,السويدي,فيلا,villa,سكني,residential,71,79417071.02,29426.16,2560.07796602327,4020.8,1833.33
2024,4,الرياض,الرياض,السويدي الغربي,أرض,land,تجاري,commercial,3,5785000.0,2725.0,,,
2024,4,الرياض,الرياض,السويدي الغربي,أرض,land,سكني,residential,26,59822142.9,24790.98,2603.05281983356,3300.0,1900.0
2024,4,الرياض,الرياض,السويدي الغربي,شقة,apartment,سكني,residential,6,3711000.0,676.52,6232.13418909444,7802.53,4402.26
2024,4,الرياض,الرياض,السويدي الغربي,فيلا,villa,سكني,residential,30,30279024.0,8774.52,4711.43600761585,5333.59835685417,4195.51
2024,4,الرياض,الرياض,الشرفية,أرض,land,تجاري,commercial,1,1900000.0,180.0,,,
2024,4,الرياض,الرياض,الشرفية,أرض,land,سكني,residential,23,46805720.0,13990.36,3799.29488910605,6556.99,2329.16
2024,4,الرياض,الرياض,الشرفية,عمارة,building,سكني,residential,1,550000.0,87.27,,,
2024,4,الرياض,الرياض,الشعلة,أرض,land,تجاري,commercial,7,10150000.0,17117.23,386.904761904762,533.33,268.82
2024,4,الرياض,الرياض,الشعلة,أرض,land,سكني,residential,284,117831186.0,227219.11,518.568035330717,636.46,392.8
2024,4,الرياض,الرياض,الشعلة,فيلا,villa,سكني,residential,1,380000.0,750.0,,,
2024,4,الرياض,الرياض,الشفا,أرض,land,تجاري,commercial,8,17338000.0,6402.5,2420.13422818792,2750.0,2093.33
2024,4,الرياض,الرياض,الشفا,أرض,land,سكني,residential,64,58430046.9,34043.3,1701.59931248998,2000.0,1481.48
2024,4,الرياض,الرياض,الشفا,شقة,apartment,سكني,residential,23,9534971.72,3280.66,2888.56555973982,3551.33,2499.31
2024,4,الرياض,الرياض,الشفا,فيلا,villa,سكني,residential,45,39143574.0,11822.45,3545.52573394504,4047.62,3172.58883248731
2024,4,الرياض,الرياض,الشميسي,أرض,land,تجاري,commercial,1,1400000.0,176.13,,,
2024,4,الرياض,الرياض,الشميسي,أرض,land,سكني,residential,19,4596375.0,2468.65,1671.61704773088,2017.09,1206.64
2024,4,الرياض,الرياض,الشميسي,عمارة,building,سكني,residential,2,1200000.0,300.72,,,
2024,4,الرياض,الرياض,الشميسي,فيلا,villa,سكني,residential,14,11144000.0,2238.66,4824.69714386772,5370.15,3702.61
2024,4,الرياض,الرياض,الشهداء,أرض,land,تجاري,commercial,3,83100000.0,10575.0,,,
2024,4,الرياض,الرياض,الشهداء,شقة,apartment,سكني,residential,19,21455668.0,2457.59,8587.93583996585,10451.34,7716.33
2024,4,الرياض,الرياض,الشهداء,فيلا,villa,سكني,residential,14,34673225.0,4102.97,9048.13302301168,9955.55555555555,7479.88517365463
2024,4,الرياض,الرياض,الصالحية,أرض,land,سكني,residential,3,585000.0,271.65,,,
2024,4,الرياض,الرياض,الصحافة,أرض,land,تجاري,commercial,2,72000000.0,4180.0,,,
2024,4,الرياض,الرياض,الصحافة,أرض,land,سكني,residential,9,20049823.26,3644.58,3124.7581013597,6133.33,2418.46
2024,4,الرياض,الرياض,الصحافة,شقة,apartment,سكني,residential,48,81318215.0,7038.52,11499.4290144346,13074.33,10018.34
2024,4,الرياض,الرياض,الصحافة,فيلا,villa,سكني,residential,36,132381654.0,12027.29,9632.73548120883,11160.5506988431,7857.14285714286
2024,4,الرياض,الرياض,الصفا,أرض,land,تجاري,commercial,2,16882816.0,3321.42,,,
2024,4,الرياض,الرياض,الصفا,أرض,land,سكني,residential,217,477727209.39,140763.38,3484.45792978616,4012.13,3292.0
2024,4,الرياض,الرياض,الصفا,شقة,apartment,سكني,residential,7,5408432.0,896.33,7808.69565217391,9541.15,6170.17
2024,4,الرياض,الرياض,الصفا,فيلا,villa,سكني,residential,55,102429860.0,15201.75,6320.4821459973,9083.33,4600.0
2024,4,الرياض,الرياض,الصناعية,أرض,land,تجاري,commercial,4,11300000.0,1905.0,,,
2024,4,الرياض,الرياض,الصناعية,أرض,land,سكني,residential,9,25906958.0,8016.19,3916.59209430061,6326.26,500.93
2024,4,الرياض,الرياض,الضباط,أرض,land,تجاري,commercial,1,17000000.0,1324.41,,,
2024,4,الرياض,الرياض,الضباط,أرض,land,سكني,residential,2,1077750.0,825.5,,,
2024,4,الرياض,الرياض,الضباط,شقة,apartment,سكني,residential,1,600000.0,100.29,,,
2024,4,الرياض,الرياض,الضباط,فيلا,villa,سكني,residential,19,106321875.0,14578.28,5816.58959273657,6576.0,4941.0
2024,4,الرياض,الرياض,العارض,أرض,land,تجاري,commercial,35,2780367039.4,1810084.65,5163.62621163174,8200.0,1849.77
2024,4,الرياض,الرياض,العارض,أرض,land,سكني,residential,123,759453214.72,1632484.924,4291.00936344978,7537.81063074454,920.0
2024,4,الرياض,الرياض,العارض,شقة,apartment,سكني,residential,189,200498955.68,24295.82,8144.52783187427,9941.17,6877.6
2024,4,الرياض,الرياض,العارض,فيلا,villa,سكني,residential,218,558026007.92,72588.541,7366.42265100953,9413.58024691358,6200.0
2024,4,الرياض,الرياض,العريجاء,أرض,land,تجاري,commercial,4,16980000.0,4800.0,,,
2024,4,الرياض,الرياض,العريجاء,أرض,land,سكني,residential,10,28127620.82,6199.44,2557.58040162094,3600.0,1940.22
2024,4,الرياض,الرياض,العريجاء,شقة,apartment,سكني,residential,5,2749663.0,478.33,,,
2024,4,الرياض,الرياض,العريجاء,فيلا,villa,سكني,residential,15,11995000.0,2973.79,4117.29318328578,4312.61,4001.58
2024,4,الرياض,الرياض,العريجاء الأوسط,أرض,land,تجاري,commercial,3,3980000.0,1200.0,,,
2024,4,الرياض,الرياض,العريجاء الأوسط,أرض,land,سكني,residential,24,24238207.37,8777.19,2623.32879027519,4750.0,1812.0
2024,4,الرياض,الرياض,العريجاء الأوسط,فيلا,villa,سكني,residential,9,7332949.0,3264.359,2378.33572857666,4588.47,2000.0
2024,4,الرياض,الرياض,العريجاء الغربي,أرض,land,تجاري,commercial,29,54375803.0,15508.44,3069.00739556266,4375.0,2375.0
2024,4,الرياض,الرياض,العريجاء الغربي,أرض,land,سكني,residential,127,106396067.06,51380.05,1947.02736673763,2737.5,1400.0
2024,4,الرياض,الرياض,العريجاء الغربي,شقة,apartment,سكني,residential,13,7608433.0,1767.61,4384.52651585734,4891.84,3970.03
2024,4,الرياض,الرياض,العريجاء الغربي,فيلا,villa,سكني,residential,21,20750000.0,6877.7,2864.79105864247,3747.42,2169.65881051646
2024,4,الرياض,الرياض,العزيزية,أرض,land,سكني,residential,135,145062953.57,73643.045,1970.03340015038,3106.06,1381.22
2024,4,الرياض,الرياض,العزيزية,أرض,land,تجاري,commercial,13,53489313.0,23114.25,2136.50158293544,3400.0,1881.4
2024,4,الرياض,الرياض,العزيزية,شقة,apartment,سكني,residential,32,12660741.42,4560.28,3237.35023349982,3637.45,2042.16
2024,4,الرياض,الرياض,العزيزية,فيلا,villa,سكني,residential,118,89930710.0,26757.39,3425.81491579792,4000.0,2800.0
2024,4,الرياض,الرياض,العقيق,أرض,land,تجاري,commercial,9,218330000.0,13120.0,14478.4140969163,19090.91,11500.0
2024,4,الرياض,الرياض,العقيق,أرض,land,سكني,residential,10,22654685.45,4838.125,5004.69716716894,8000.0,933.82
2024,4,الرياض,الرياض,العقيق,شقة,apartment,سكني,residential,73,104201739.9,11342.19,8993.81128746954,12636.57,7706.08
2024,4,الرياض,الرياض,العقيق,فيلا,villa,سكني,residential,20,120644541.0,13266.14,8514.54302050405,9657.9,7600.0
2024,4,الرياض,الرياض,العلا,أرض,land,سكني,residential,283,180840300.0,267069.83,640.190527466627,706.666666666667,558.13211784561
2024,4,الرياض,الرياض,العلا,فيلا,villa,سكني,residential,1,520000.0,750.0,,,
2024,4,الرياض,الرياض,العليا,أرض,land,تجاري,commercial,4,124000000.0,18650.98,,,
2024,4,الرياض,الرياض,العليا,أرض,land,سكني,residential,12,47747099.99,12587.91,3558.60003327972,6000.0,1493.21
2024,4,الرياض,الرياض,العليا,شقة,apartment,سكني,residential,20,40340635.0,2326.14,16999.8158545962,22000.0,11492.76
2024,4,الرياض,الرياض,العليا,فيلا,villa,سكني,residential,43,234589691.99,23134.19,9018.48199066117,13625.0,7142.86
2024,4,الرياض,الرياض,العمل,أرض,land,سكني,residential,3,2661122.0,860.73,,,
2024,4,الرياض,الرياض,العمل,عمارة,building,سكني,residential,1,300000.0,75.0,,,
2024,4,الرياض,الرياض,العوالي,أرض,land,تجاري,commercial,13,39971817.0,14050.43,2317.27318702492,3111.11,1900.0
2024,4,الرياض,الرياض,العوالي,أرض,land,سكني,residential,61,87621270.29,27162.528,2820.38831272805,4229.23689855961,1000.0
2024,4,الرياض,الرياض,العوالي,شقة,apartment,سكني,residential,74,48810664.36,13440.0,3590.46325180643,4096.19914346895,3228.34801611692
2024,4,الرياض,الرياض,العوالي,فيلا,villa,سكني,residential,36,37757946.0,9255.03,4377.7462311824,5004.55,3644.91865204281
2024,4,الرياض,الرياض,العود,أرض,land,سكني,residential,54,44446405.12,11180.34,2734.3149708108,5331.48,703.7
2024,4,الرياض,الرياض,العود,عمارة,building,سكني,residential,1,974827.2,180.0,,,
2024,4,الرياض,الرياض,العود,فيلا,villa,سكني,residential,1,458854.8,158.11,,,
2024,4,الرياض,الرياض,الغدير,أرض,land,تجاري,commercial,1,50000000.0,4765.95,,,
2024,4,الرياض,الرياض,الغدير,أرض,land,سكني,residential,4,71965250.0,6730.5,,,
2024,4,الرياض,الرياض,الغدير,شقة,apartment,سكني,residential,18,25860580.0,2843.73,8746.46802759574,9553.91,8090.85
2024,4,الرياض,الرياض,الغدير,فيلا,villa,سكني,residential,4,59400000.0,5228.7,,,
2024,4,الرياض,الرياض,الغنامية,أرض,land,تجاري,commercial,4,27487800.0,27753.08,,,
2024,4,الرياض,الرياض,الغنامية,أرض,land,سكني,residential,27,5557999.96,25063.61,546.130568420127,625.0,431.09
2024,4,الرياض,الرياض,الغنامية,فيلا,villa,سكني,residential,33,11461499.99,9606.7,1051.16535618298,1350.0,812.5
2024,4,الرياض,الرياض,الفاخرية,أرض,land,سكني,residential,3,3192400.0,1236.0,,,
2024,4,الرياض,الرياض,الفاروق,أرض,land,تجاري,commercial,13,63198974.25,27368.06,2294.15050858723,3400.0,2045.13
2024,4,الرياض,الرياض,الفاروق,أرض,land,سكني,residential,194,266520674.68,91698.2332,2410.64033385088,3900.0,2000.72
2024,4,الرياض,الرياض,الفاروق,شقة,apartment,سكني,residential,2,1039000.0,214.3,,,
2024,4,الرياض,الرياض,الفاروق,فيلا,villa,سكني,residential,6,7927600.0,1502.13,4874.30515224425,4941.2,4825.91
2024,4,الرياض,الرياض,الفرسان,أرض,land,سكني,residential,48,25555000.0,42551.67,595.430103134749,654.76,533.333333333333
2024,4,الرياض,الرياض,الفلاح,فيلا,villa,سكني,residential,1,6500000.0,850.0,,,
2024,4,الرياض,الرياض,الفوطة,أرض,land,سكني,residential,3,1962000.0,707.81,,,
2024,4,الرياض,الرياض,الفيحاء,أرض,land,تجاري,commercial,5,10455276.11,4657.0,,,
2024,4,الرياض,الرياض,الفيحاء,أرض,land,سكني,residential,5,6276839.01,2646.62,,,
2024,4,الرياض,الرياض,الفيحاء,شقة,apartment,سكني,residential,12,8454125.0,1711.78,4758.02401975143,5490.45,3556.99
2024,4,الرياض,الرياض,الفيحاء,فيلا,villa,سكني,residential,14,25477000.0,5249.08,5880.65265277238,6981.82,4453.33
2024,4,الرياض,الرياض,الفيصلية,أرض,land,سكني,residential,14,14441000.0,8000.0,1789.32754880694,2225.0,818.18
2024,4,الرياض,الرياض,القادسية,أرض,land,تجاري,commercial,11,592209859.0,696870.05,837.699432179416,2700.0,700.0
2024,4,الرياض,الرياض,القادسية,أرض,land,سكني,residential,53,86201427.27,24497.49,3448.44646166447,5449.29131691207,2687.51837676427
2024,4,الرياض,الرياض,القادسية,شقة,apartment,سكني,residential,82,70388597.0,12161.27,5636.73962291561,6428.95,4750.92
2024,4,الرياض,الرياض,القادسية,فيلا,villa,سكني,residential,60,84863438.0,16972.975,5231.29159682203,6410.26,4290.07992477668
2024,4,الرياض,الرياض,القدس,أرض,land,تجاري,commercial,2,8300000.0,1873.65,,,
2024,4,الرياض,الرياض,القدس,أرض,land,سكني,residential,1,3850000.0,600.0,,,
2024,4,الرياض,الرياض,القدس,شقة,apartment,سكني,residential,24,23711377.0,3299.64,7209.20196417423,8511.34477033758,6170.3
2024,4,الرياض,الرياض,القدس,فيلا,villa,سكني,residential,20,69729658.0,9670.59,6454.44587142102,7000.0,5800.46
2024,4,الرياض,الرياض,القيروان,أرض,land,تجاري,commercial,10,370759829.91,31492.01,11637.6221285902,12000.0,10000.0
2024,4,الرياض,الرياض,القيروان,أرض,land,سكني,residential,11,45902242.0,5801.54,8101.49478498522,9750.0,6935.09615384615
2024,4,الرياض,الرياض,القيروان,شقة,apartment,سكني,residential,19,22386276.88,2793.42,8337.58046878479,9228.79,6521.05
2024,4,الرياض,الرياض,القيروان,فيلا,villa,سكني,residential,43,171816964.0,16259.908,10376.7341050527,11250.0,8550.0
2024,4,الرياض,الرياض,المحمدية,أرض,land,سكني,residential,1,1821618.57,750.0,,,
2024,4,الرياض,الرياض,المحمدية,شقة,apartment,سكني,residential,13,18681470.0,1889.42,9497.41176183325,11837.35,8459.24
2024,4,الرياض,الرياض,المحمدية,فيلا,villa,سكني,residential,16,107312029.0,9927.57,10371.2972900788,20000.0,8888.88888888889
2024,4,الرياض,الرياض,المدينة الصناعية الجديدة,أرض,land,تجاري,commercial,6,28620485.0,23888.64,1519.1873437005,1600.21,1350.0
2024,4,الرياض,الرياض,المدينة الصناعية الجديدة,فيلا,villa,سكني,residential,5,13775200.0,8622.39,,,
2024,4,الرياض,الرياض,المربع,أرض,land,تجاري,commercial,4,73880000.0,9813.3,,,
2024,4,الرياض,الرياض,المربع,أرض,land,سكني,residential,8,21997499.11,3201.93,6318.18247447722,10520.83,3750.0
2024,4,الرياض,الرياض,المربع,شقة,apartment,سكني,residential,3,3622656.0,426.73,,,
2024,4,الرياض,الرياض,المربع,فيلا,villa,سكني,residential,1,3200000.0,834.0,,,
2024,4,الرياض,الرياض,المرجان,أرض,land,سكني,residential,204,267272616.94,110229.33,2473.95538884529,2700.0,2199.94
2024,4,الرياض,الرياض,المرجان,شقة,apartment,سكني,residential,5,2125000.0,350.89,,,
2024,4,الرياض,الرياض,المرجان,فيلا,villa,سكني,residential,8,5968000.0,1231.56,4760.83922044987,4926.11,4580.44
2024,4,الرياض,الرياض,المرسلات,أرض,land,تجاري,commercial,1,254119920.0,31764.99,,,
2024,4,الرياض,الرياض,المرسلات,أرض,land,سكني,residential,5,18393410.98,3540.0,,,
2024,4,الرياض,الرياض,المرسلات,شقة,apartment,سكني,residential,22,23838400.0,2954.63,7727.38369879275,9002.03,7129.67
2024,4,الرياض,الرياض,المرسلات,فيلا,villa,سكني,residential,8,27502000.0,3437.39,7843.6855959973,9310.30705757786,7000.0
2024,4,الرياض,الرياض,المرقب,أرض,land,تجاري,commercial,1,500000.0,72.34,,,
2024,4,الرياض,الرياض,المرقب,أرض,land,سكني,residential,22,6624813.0,2435.72,2955.28232740253,6100.04,1575.11
2024,4,الرياض,الرياض,المرقب,عمارة,building,سكني,residential,1,2100000.0,339.02,,,
2024,4,الرياض,الرياض,المروة,أرض,land,تجاري,commercial,9,20850000.0,10775.0,2126.0,2500.0,1657.14
2024,4,الرياض,الرياض,المروة,أرض,land,سكني,residential,15,14924484.37,80267.7,1821.09053490293,2410.88,1200.0
2024,4,الرياض,الرياض,المروة,شقة,apartment,سكني,residential,24,12898176.21,4040.2737,3671.31193075986,4031.33,3000.0
2024,4,الرياض,الرياض,المروة,فيلا,villa,سكني,residential,5,5930000.0,2097.0,,,
2024,4,الرياض,الرياض,المروج,أرض,land,سكني,residential,5,23950000.0,3060.0,,,
2024,4,الرياض,الرياض,المروج,شقة,apartment,سكني,residential,40,44923432.0,4641.36,9317.6029938608,10490.73,8392.08
2024,4,الرياض,الرياض,المروج,فيلا,villa,سكني,residential,4,13220000.0,1505.77,,,
2024,4,الرياض,الرياض,المشاعل,أرض,land,تجاري,commercial,15,643277796.0,1569463.11,1737.71895866657,1793.43,1694.03
2024,4,الرياض,الرياض,المشاعل,أرض,land,سكني,residential,13,79676976.0,45673.18,1672.91129782363,2300.0,1051.85
2024,4,الرياض,الرياض,المشرق,أرض,land,سكني,residential,174,137159500.0,183041.46,773.964872454167,892.857142857143,653.59477124183
2024,4,الرياض,الرياض,المصانع,أرض,land,تجاري,commercial,2,4438833.0,2405.196,,,
2024,4,الرياض,الرياض,المصانع,أرض,land,سكني,residential,10,20594666.0,11855.922,1939.75206227178,3000.0,1600.0
2024,4,الرياض,الرياض,المصفاة,أرض,land,تجاري,commercial,19,71503888.46,63759.017,1000.89676577839,1666.67,668.0
2024,4,الرياض,الرياض,المصفاة,أرض,land,سكني,residential,131,137405285.85,150667.19,1023.03370833443,1772.15,695.43
2024,4,الرياض,الرياض,المصيف,أرض,land,تجاري,commercial,6,78000000.0,5482.5,9504.68540829987,12087.91,8230.45
2024,4,الرياض,الرياض,المصيف,أرض,land,سكني,residential,6,11772229.22,2678.5,4677.85045388601,5883.33,2494.27
2024,4,الرياض,الرياض,المصيف,شقة,apartment,سكني,residential,19,23565940.38,2766.38,8376.84187339134,8719.26,7858.19
2024,4,الرياض,الرياض,المصيف,فيلا,villa,سكني,residential,11,49774900.0,5714.9,10234.6326627417,12741.67,7047.62
2024,4,الرياض,الرياض,المعذر,أرض,land,تجاري,commercial,1,26690000.0,1980.0,,,
2024,4,الرياض,الرياض,المعذر,أرض,land,سكني,residential,26,278264000.0,32931.1,8463.74018352846,11000.0,4687.5
2024,4,الرياض,الرياض,المعذر,شقة,apartment,سكني,residential,20,29578025.0,2651.55,9787.03232427742,10843.37,9183.34
2024,4,الرياض,الرياض,المعذر,فيلا,villa,سكني,residential,5,22253000.0,2181.18,,,
2024,4,الرياض,الرياض,المعيزيلة,أرض,land,تجاري,commercial,1,3832031.0,1321.39,,,
2024,4,الرياض,الرياض,المعيزيلة,أرض,land,سكني,residential,54,57078494.0,16376.19,3356.62391455065,6047.12858926342,2300.0
2024,4,الرياض,الرياض,المعيزيلة,شقة,apartment,سكني,residential,8,5220000.0,1153.69,4207.14497341296,5098.79,3075.81
2024,4,الرياض,الرياض,المعيزيلة,فيلا,villa,سكني,residential,23,27529547.0,5478.45,5067.51119190615,5435.49,4508.06622797708
2024,4,الرياض,الرياض,الملز,أرض,land,تجاري,commercial,7,47260400.0,12842.2,5779.27167891164,5915.45,5627.07
2024,4,الرياض,الرياض,الملز,أرض,land,سكني,residential,15,20167501.0,9223.3,2528.07236431691,3080.0,1836.73
2024,4,الرياض,الرياض,الملز,شقة,apartment,سكني,residential,4,3127000.0,396.98,,,
2024,4,الرياض,الرياض,الملز,فيلا,villa,سكني,residential,42,139016633.0,28581.99,4638.78899356349,8016.03,3200.0
2024,4,الرياض,الرياض,الملقا,أرض,land,تجاري,commercial,5,490941300.25,43487.55,,,
2024,4,الرياض,الرياض,الملقا,أرض,land,سكني,residential,123,693198799.32,107089.79,6938.27183798444,10000.0,6720.0
2024,4,الرياض,الرياض,الملقا,شقة,apartment,سكني,residential,238,296880526.02,31954.78,9110.8089284158,11325.21,7875.8
2024,4,الرياض,الرياض,الملقا,عمارة,building,سكني,residential,2,1900000.0,106.68,,,
2024,4,الرياض,الرياض,الملقا,فيلا,villa,سكني,residential,74,648950560.0,50856.304,12259.4175826176,17333.33,9600.0
2024,4,الرياض,الرياض,الملك سلمان,أرض,land,زراعي,agricultural,2,1325000.0,4000.0,,,
2024,4,الرياض,الرياض,الملك سلمان,أرض,land,تجاري,commercial,2,76050000.0,3900.0,,,
2024,4,الرياض,الرياض,الملك سلمان,أرض,land,سكني,residential,13,73010417.5,8976.47,6732.50955603726,8530.46,3894.33
2024,4,الرياض,الرياض,الملك سلمان,شقة,apartment,سكني,residential,2,3249000.0,305.24,,,
2024,4,الرياض,الرياض,الملك سلمان,فيلا,villa,سكني,residential,1,2200000.0,315.0,,,
2024,4,الرياض,الرياض,الملك عبدالعزيز,أرض,land,سكني,residential,6,10440435.04,2414.9,3651.53822723119,4010.17,3346.79
2024,4,الرياض,الرياض,الملك عبدالعزيز,فيلا,villa,سكني,residential,1,7100000.0,500.0,,,
2024,4,الرياض,الرياض,الملك عبدالله,أرض,land,تجاري,commercial,4,36662617.0,5616.39,,,
2024,4,الرياض,الرياض,الملك عبدالله,أرض,land,سكني,residential,34,119241547.27,18696.82,6836.00503217213,7575.76,5900.0
2024,4,الرياض,الرياض,الملك عبدالله,شقة,apartment,سكني,residential,1,860000.0,164.6,,,
2024,4,الرياض,الرياض,الملك عبدالله,فيلا,villa,سكني,residential,3,11830000.0,777.83,,,
2024,4,الرياض,الرياض,الملك فهد,أرض,land,سكني,residential,2,2941750.0,625.0,,,
2024,4,الرياض,الرياض,الملك فهد,شقة,apartment,سكني,residential,1,1200000.0,178.96,,,
2024,4,الرياض,الرياض,الملك فهد,فيلا,villa,سكني,residential,13,56787010.0,8529.39,6738.29908606523,7200.0,5010.52631578947
2024,4,الرياض,الرياض,الملك فيصل,أرض,land,تجاري,commercial,3,17900000.0,3000.0,,,
2024,4,الرياض,الرياض,الملك فيصل,أرض,land,سكني,residential,9,23245748.51,4673.41,4569.23076923077,4700.0,4400.0
2024,4,الرياض,الرياض,الملك فيصل,شقة,apartment,سكني,residential,21,16622723.77,3064.21,5577.6257031839,6276.43,4744.06
2024,4,الرياض,الرياض,الملك فيصل,فيلا,villa,سكني,residential,13,21801400.0,4361.39,4908.31261240469,5984.44,4350.0
2024,4,الرياض,الرياض,المناخ,أرض,land,تجاري,commercial,6,15221173.0,12327.43,1185.1657060332,1666.67,1100.0
2024,4,الرياض,الرياض,المناخ,أرض,land,سكني,residential,24,18325042.0,16609.881,1107.7378506079,1274.65,1100.0
2024,4,الرياض,الرياض,المنار,أرض,land,تجاري,commercial,7,37400000.0,9212.5,4245.16129032258,5000.0,4000.0
2024,4,الرياض,الرياض,المنار,أرض,land,سكني,residential,5,6843700.0,2125.0,,,
2024,4,الرياض,الرياض,المنار,شقة,apartment,سكني,residential,15,12101000.0,2017.92,6016.0259106587,7142.86,5573.45
2024,4,الرياض,الرياض,المنار,فيلا,villa,سكني,residential,10,25905903.0,5247.5,4448.57777777778,5600.0,4000.0
2024,4,الرياض,الرياض,المنصورة (خنشليلة),أرض,land,تجاري,commercial,13,42716802.0,10065.94,3593.38042339132,4086.96,3282.05
2024,4,الرياض,الرياض,المنصورة (خنشليلة),أرض,land,سكني,residential,34,47638722.93,19367.9,2176.63515803207,3000.0,1623.38
2024,4,الرياض,الرياض,المنصورة (خنشليلة),فيلا,villa,سكني,residential,7,5975000.0,2202.28,2730.35580847273,2972.34,2266.66666666667
2024,4,الرياض,الرياض,المنصورية,أرض,land,تجاري,commercial,7,50963400.0,49500.0,1158.84813753582,1270.0,1050.0
2024,4,الرياض,الرياض,المنصورية,أرض,land,سكني,residential,1,3600000.0,3200.0,,,
2024,4,الرياض,الرياض,المهدية,أرض,land,تجاري,commercial,30,110151577.0,19549.61,5210.96053590183,5823.58,4279.89
2024,4,الرياض,الرياض,المهدية,أرض,land,سكني,residential,160,289807483.68,70602.681,4161.33166350649,5343.51145038168,3085.65103085651
2024,4,الرياض,الرياض,المهدية,شقة,apartment,سكني,residential,45,33823697.0,6142.26,5489.84688177696,6138.68,5019.92
2024,4,الرياض,الرياض,المهدية,عمارة,building,سكني,residential,2,1100000.0,83.25,,,
2024,4,الرياض,الرياض,المهدية,فيلا,villa,سكني,residential,194,411080922.0,79181.66,5006.72715930182,6522.38363474652,3888.89
2024,4,الرياض,الرياض,المونسية,أرض,land,تجاري,commercial,20,407652717.0,83143.62,5347.33944584604,7203.39,4170.21
2024,4,الرياض,الرياض,المونسية,أرض,land,سكني,residential,45,128306138.22,47919.237,2431.46844108327,6558.45220527955,1979.01
2024,4,الرياض,الرياض,المونسية,شقة,apartment,سكني,residential,78,82168755.0,11930.51,6623.21982047734,7929.59,5181.68
2024,4,الرياض,الرياض,المونسية,فيلا,villa,سكني,residential,108,219204389.4,32662.54,6994.881896258,9027.77777777778,5379.89
2024,4,الرياض,الرياض,الناصرية,أرض,land,سكني,residential,4,4100000.0,638.39,,,
2024,4,الرياض,الرياض,النخبة,أرض,land,تجاري,commercial,1,635000.0,1338.95,,,
2024,4,الرياض,الرياض,النخبة,أرض,land,سكني,residential,147,74610280.0,157686.64,526.099212829223,613.425925925926,375.0
2024,4,الرياض,الرياض,النخيل,أرض,land,تجاري,commercial,8,1074649483.0,80943.51,13193.4794809462,18250.0,12500.0
2024,4,الرياض,الرياض,النخيل,أرض,land,سكني,residential,11,107283084.07,11216.06,9374.51497934975,11139.06,3647.36
2024,4,الرياض,الرياض,النخيل,شقة,apartment,سكني,residential,31,44505639.51,4075.08,9272.18171679077,13907.73,6987.23
2024,4,الرياض,الرياض,النخيل,فيلا,villa,سكني,residential,10,84489398.7,5957.65,13837.5378955378,14793.1,13000.0
2024,4,الرياض,الرياض,الندوة,أرض,land,تجاري,commercial,3,11214000.0,3640.0,,,
2024,4,الرياض,الرياض,الندوة,أرض,land,سكني,residential,206,144218383.14,60264.27,2211.77317836211,2300.0,2200.0
2024,4,الرياض,الرياض,الندوة,فيلا,villa,سكني,residential,5,4885604.0,1214.93,,,
2024,4,الرياض,الرياض,الندى,أرض,land,تجاري,commercial,5,242667308.5,16051.09,,,
2024,4,الرياض,الرياض,الندى,أرض,land,سكني,residential,30,134504450.0,23739.25,5206.57521366086,9000.0,3200.0
2024,4,الرياض,الرياض,الندى,شقة,apartment,سكني,residential,96,110743128.97,12430.9,8787.87954720574,10096.11,7833.31
2024,4,الرياض,الرياض,الندى,فيلا,villa,سكني,residential,6,25843596.0,2567.07,7512.86988166368,9846.15384615385,6597.80433724515
2024,4,الرياض,الرياض,النرجس,أرض,land,تجاري,commercial,57,1241340076.4,245559.05,6534.64309820361,10000.0,4464.76
2024,4,الرياض,الرياض,النرجس,أرض,land,سكني,residential,334,3551294433.56,2913612.959,5534.34175041287,7350.0,4200.0
2024,4,الرياض,الرياض,النرجس,شقة,apartment,سكني,residential,315,343456393.32,40656.169,8127.67926177877,10170.6036745407,6902.8
2024,4,الرياض,الرياض,النرجس,فيلا,villa,سكني,residential,503,1504156627.54,157523.903,9264.39522479254,12800.0,7284.03811323726
2024,4,الرياض,الرياض,النزهة,أرض,land,تجاري,commercial,4,60211329.94,5775.0,,,
2024,4,الرياض,الرياض,النزهة,أرض,land,سكني,residential,2,9061000.0,2570.0,,,
2024,4,الرياض,الرياض,النزهة,شقة,apartment,سكني,residential,15,18367200.0,1913.73,9637.34726844976,11322.63,8272.41
2024,4,الرياض,الرياض,النزهة,فيلا,villa,سكني,residential,11,45282000.01,5665.22,8131.5650241872,9050.0,7325.69163147462
2024,4,الرياض,الرياض,النسيم الشرقي,أرض,land,تجاري,commercial,6,12909000.0,6495.0,1914.88469601677,2871.79,1388.89
2024,4,الرياض,الرياض,النسيم الشرقي,أرض,land,سكني,residential,45,50133986.26,21355.62,2405.74397873061,3250.0,1213.88
2024,4,الرياض,الرياض,النسيم الشرقي,شقة,apartment,سكني,residential,2,1470000.0,245.89,,,
2024,4,الرياض,الرياض,النسيم الشرقي,فيلا,villa,سكني,residential,19,17782502.0,5030.3,5305.57681760736,5845.72,4674.15
2024,4,الرياض,الرياض,النسيم الغربي,أرض,land,تجاري,commercial,8,15990400.0,6612.56,1988.75428571429,2500.0,1386.17
2024,4,الرياض,الرياض,النسيم الغربي,أرض,land,سكني,residential,60,65051450.71,30027.5,2294.39282065443,2730.3,1920.0
2024,4,الرياض,الرياض,النسيم الغربي,شقة,apartment,سكني,residential,3,1750000.0,295.85,,,
2024,4,الرياض,الرياض,النسيم الغربي,فيلا,villa,سكني,residential,39,46422045.0,12287.36,3848.26945777691,5413.33,3050.91
2024,4,الرياض,الرياض,النظيم,أرض,land,تجاري,commercial,338,2787043560.52,4826333.83,1405.57939836634,1709.52,1200.0
2024,4,الرياض,الرياض,النظيم,أرض,land,سكني,residential,2977,1941701730.79,1359519.12,1392.98558163374,1580.0,1079.99
2024,4,الرياض,الرياض,النظيم,شقة,apartment,سكني,residential,12,6849253.0,1366.72,4843.49629276007,5336.33,4477.61
2024,4,الرياض,الرياض,النظيم,عمارة,building,سكني,residential,1,600000.0,237.81,,,
2024,4,الرياض,الرياض,النظيم,فيلا,villa,سكني,residential,27,33062644.0,9065.79,3820.57021059153,4537.76,3234.04
2024,4,الرياض,الرياض,النفل,أرض,land,سكني,residential,9,19670700.0,7955.0,2472.74670018856,8300.0,306.25
2024,4,الرياض,الرياض,النفل,شقة,apartment,سكني,residential,1,1000000.0,253.76,,,
2024,4,الرياض,الرياض,النفل,فيلا,villa,سكني,residential,18,48955830.0,6438.82,8363.57154723668,10553.8256227758,7800.0
2024,4,الرياض,الرياض,النموذجية,فيلا,villa,سكني,residential,1,6000000.0,1680.0,,,
2024,4,الرياض,الرياض,النهضة,أرض,land,تجاري,commercial,4,27827870.0,4866.19,,,
2024,4,الرياض,الرياض,النهضة,أرض,land,سكني,residential,53,52082314.93,23115.855,2650.79970901791,3700.0,1136.36
2024,4,الرياض,الرياض,النهضة,شقة,apartment,سكني,residential,44,37860964.0,7071.56,5506.27301273571,7033.11,4528.99
2024,4,الرياض,الرياض,النهضة,فيلا,villa,سكني,residential,69,127141822.0,24427.43,5184.47756770554,7407.41,3800.0
2024,4,الرياض,الرياض,النور,أرض,land,تجاري,commercial,7,40259350.0,12371.74,2412.94739236816,2500.0,2361.11
2024,4,الرياض,الرياض,النور,أرض,land,سكني,residential,4,20260000.0,8073.44,,,
2024,4,الرياض,الرياض,الهدا,أرض,land,تجاري,commercial,2,73804216.0,287478.44,,,
2024,4,الرياض,الرياض,الهدا,أرض,land,سكني,residential,8,203354887.0,36949.69,4922.93492537812,5072.48,2004.18
2024,4,الرياض,الرياض,الهدا,فيلا,villa,سكني,residential,9,78700000.0,6822.33,9865.88166707775,10000.0,9501.19
2024,4,الرياض,الرياض,الوادي,أرض,land,تجاري,commercial,1,8236800.0,3744.0,,,
2024,4,الرياض,الرياض,الوادي,أرض,land,سكني,residential,7,19520000.0,2579.51,7133.54401007712,7544.10870006084,6854.55
2024,4,الرياض,الرياض,الوادي,شقة,apartment,سكني,residential,8,7352095.0,949.15,6824.37731057918,6888.69,6734.51
2024,4,الرياض,الرياض,الوادي,فيلا,villa,سكني,residential,6,52296933.0,6224.45,8329.33239333553,8411.87,8000.0
2024,4,الرياض,الرياض,الورود,أرض,land,تجاري,commercial,2,98183500.0,7475.0,,,
2024,4,الرياض,الرياض,الورود,أرض,land,سكني,residential,7,17673400.0,2548.46,8538.50967162717,8862.16238404072,7902.69877768365
2024,4,الرياض,الرياض,الورود,شقة,apartment,سكني,residential,2,3610000.0,341.11,,,
2024,4,الرياض,الرياض,الورود,فيلا,villa,سكني,residential,34,91587400.0,9584.48999999999,10005.4200138201,11624.6389257553,8131.87
2024,4,الرياض,الرياض,الوزارات,أرض,land,تجاري,commercial,1,3000000.0,149.32,,,
2024,4,الرياض,الرياض,الوزارات,أرض,land,سكني,residential,16,13410000.0,1789.77,6432.98443769771,9375.0,3979.94
2024,4,الرياض,الرياض,الوسام,أرض,land,تجاري,commercial,62,36829309.29,19579.04,1870.84635994981,2500.0,1850.0
2024,4,الرياض,الرياض,الوسام,أرض,land,سكني,residential,987,564052300.81,315353.79,1788.26612737641,2000.0,1050.0
2024,4,الرياض,الرياض,الوشام,أرض,land,سكني,residential,5,3651247.08,2220.35,,,
2024,4,الرياض,الرياض,الياسمين,أرض,land,تجاري,commercial,5,188546086.0,8831.51,,,
2024,4,الرياض,الرياض,الياسمين,أرض,land,سكني,residential,31,103832463.44,18657.235,4482.43687731226,7820.51,1559.86
2024,4,الرياض,الرياض,الياسمين,شقة,apartment,سكني,residential,254,315074826.31,42045.98,8413.94206038811,9727.39,7340.64
2024,4,الرياض,الرياض,الياسمين,فيلا,villa,سكني,residential,126,451244429.07,45059.414,8679.89285495338,12389.3805309735,7178.75089734386
2024,4,الرياض,الرياض,اليرموك,أرض,land,تجاري,commercial,16,288588636.0,40597.95,6801.32746510474,7000.0,5700.0
2024,4,الرياض,الرياض,اليرموك,أرض,land,سكني,residential,17,20301584.92,7354.14,3083.35487668341,4141.41,1825.0
2024,4,الرياض,الرياض,اليرموك,شقة,apartment,سكني,residential,48,39962015.4,7254.866,6185.8307466992,6920.42,5431.57
2024,4,الرياض,الرياض,اليرموك,فيلا,villa,سكني,residential,37,83064886.0,16056.935,5557.93111148673,6500.0,5000.0
2024,4,الرياض,الرياض,اليمامة,أرض,land,تجاري,commercial,2,3000000.0,573.56,,,
2024,4,الرياض,الرياض,اليمامة,أرض,land,سكني,residential,54,40510005.54,16675.08,2286.24504005609,3577.35,1149.72
2024,4,الرياض,الرياض,بدر,أرض,land,تجاري,commercial,30,51028483.0,22924.48,2232.64778874896,3189.33,1583.33
2024,4,الرياض,الرياض,بدر,أرض,land,سكني,residential,628,474550144.6,251409.62,1886.8541366321,3750.0,947.37
2024,4,الرياض,الرياض,بدر,شقة,apartment,سكني,residential,157,77911775.99,25696.629,3155.41413323862,3904.29,2410.61
2024,4,الرياض,الرياض,بدر,فيلا,villa,سكني,residential,547,458823975.74,146406.526,3364.00651469411,3988.26,2799.41
2024,4,الرياض,الرياض,ثليم,أرض,land,تجاري,commercial,1,1400000.0,306.0,,,
2024,4,الرياض,الرياض,ثليم,أرض,land,سكني,residential,10,5209754.25,1280.81,4345.54833746954,7774.94,788.75
2024,4,الرياض,الرياض,ثليم,عمارة,building,سكني,residential,1,11500000.0,683.8,,,
2024,4,الرياض,الرياض,جبرة,أرض,land,سكني,residential,1,1600000.0,212.27,,,
2024,4,الرياض,الرياض,جرير,أرض,land,تجاري,commercial,7,19584542.0,4737.86,3843.16054353296,4820.94,3232.08
2024,4,الرياض,الرياض,جرير,أرض,land,سكني,residential,22,32138828.48,11817.04,3355.43378847157,4032.26,3098.6
2024,4,الرياض,الرياض,جرير,شقة,apartment,سكني,residential,94,95092103.0,12426.9,7578.86553777486,7989.32,7241.08
2024,4,الرياض,الرياض,جرير,عمارة,building,سكني,residential,1,662500.0,53.27,,,
2024,4,الرياض,الرياض,جرير,فيلا,villa,سكني,residential,3,10025000.0,1555.0,,,
2024,4,الرياض,الرياض,حطين,أرض,land,تجاري,commercial,12,669646750.0,47400.77,12580.4023480247,15750.0,11500.0
2024,4,الرياض,الرياض,حطين,أرض,land,سكني,residential,22,245053173.56,34516.19,6807.73062444874,7200.0,6700.0
2024,4,الرياض,الرياض,حطين,شقة,apartment,سكني,residential,67,95816126.6,10259.08,9120.19178675913,10757.78,7745.09
2024,4,الرياض,الرياض,حطين,فيلا,villa,سكني,residential,33,341092047.5,26319.37,12689.9889967854,15750.0,10025.8090133016
2024,4,الرياض,الرياض,ديراب,أرض,land,زراعي,agricultural,2,1200000.0,4000.0,,,
2024,4,الرياض,الرياض,ديراب,أرض,land,تجاري,commercial,26,43878500.0,21967.0,1814.96183206107,1900.0,1700.0
2024,4,الرياض,الرياض,ديراب,أرض,land,سكني,residential,123,93636801.45,64263.74,1466.19188844112,1856.0,1062.34
2024,4,الرياض,الرياض,ديراب,شقة,apartment,سكني,residential,10,5027000.0,1449.04,3515.34256875958,3709.43,3386.82
2024,4,الرياض,الرياض,ديراب,فيلا,villa,سكني,residential,7,6978657.59,1795.0,4064.51563888868,4613.3,3840.0
2024,4,الرياض,الرياض,سكيرينة,أرض,land,سكني,residential,5,3725000.0,1078.0,,,
2024,4,الرياض,الرياض,سلطانة,أرض,land,تجاري,commercial,2,18400000.0,5674.86,,,
2024,4,الرياض,الرياض,سلطانة,أرض,land,سكني,residential,10,10109494.0,5823.65,1899.08617781777,2045.45,1760.0
2024,4,الرياض,الرياض,سلطانة,فيلا,villa,سكني,residential,10,11109603.0,2649.38,4499.09234566611,5226.11,3555.91
2024,4,الرياض,الرياض,شبرا,أرض,land,تجاري,commercial,4,20000000.0,4104.0,,,
2024,4,الرياض,الرياض,شبرا,أرض,land,سكني,residential,36,52673080.34,16778.39,2884.51513703275,5090.28044563965,1400.0
2024,4,الرياض,الرياض,شبرا,شقة,apartment,سكني,residential,3,2085000.0,499.6,,,
2024,4,الرياض,الرياض,شبرا,فيلا,villa,سكني,residential,12,14242500.0,3772.86,3446.91591733712,4433.78018882687,3095.2380952381
2024,4,الرياض,الرياض,صياح,أرض,land,سكني,residential,1,300000.0,176.0,,,
2024,4,الرياض,الرياض,ضاحية نمار,أرض,land,تجاري,commercial,109,191812320.5,162855.91,1095.14026363973,2333.33,900.0
2024,4,الرياض,الرياض,ضاحية نمار,أرض,land,سكني,residential,583,574732045.99,514122.872,1079.46525686472,1367.74,871.46
2024,4,الرياض,الرياض,ضاحية نمار,شقة,apartment,سكني,residential,29,19936736.0,5531.78,3723.62867103002,4550.97,3323.23
2024,4,الرياض,الرياض,ضاحية نمار,فيلا,villa,سكني,residential,631,560007115.05,291650.125,1692.74619417459,2136.75,1447.96
2024,4,الرياض,الرياض,طويق,أرض,land,تجاري,commercial,21,88400576.0,38933.82,2496.90153775534,3250.0,2000.0
2024,4,الرياض,الرياض,طويق,أرض,land,سكني,residential,256,228452838.26,118349.55,1983.27952558592,3901.47598006957,1087.76
2024,4,الرياض,الرياض,طويق,شقة,apartment,سكني,residential,408,254307692.75,65172.44,3830.62388043366,4448.03,3311.15
2024,4,الرياض,الرياض,طويق,فيلا,villa,سكني,residential,357,389835362.04,98697.395,4150.55125449293,5122.83,3250.0
2024,4,الرياض,الرياض,طيبة,أرض,land,تجاري,commercial,23,95188270.5,70631.23,1382.22654769095,1557.81935935317,1145.83
2024,4,الرياض,الرياض,طيبة,أرض,land,سكني,residential,453,308833225.84,268264.454,1199.94506425066,1200.01371444245,1186.66766222753
2024,4,الرياض,الرياض,طيبة,فيلا,villa,سكني,residential,41,96260688.85,36856.51,2846.53164316877,3877.97,2700.0
2024,4,الرياض,الرياض,ظهرة البديعة,أرض,land,تجاري,commercial,7,43873750.0,8915.0,3729.33884297521,5476.19,2500.0
2024,4,الرياض,الرياض,ظهرة البديعة,أرض,land,سكني,residential,42,48763644.83,22375.74,2319.14158173446,3076.92,2000.0
2024,4,الرياض,الرياض,ظهرة البديعة,شقة,apartment,سكني,residential,7,4359000.0,1013.69,4721.82789157034,4770.05,4614.2
2024,4,الرياض,الرياض,ظهرة البديعة,فيلا,villa,سكني,residential,33,33262437.89,11316.45,3015.95507197973,4612.3824729466,1990.74074074074
2024,4,الرياض,الرياض,ظهرة لبن,أرض,land,زراعي,agricultural,1,93339680.0,66671.2,,,
2024,4,الرياض,الرياض,ظهرة لبن,أرض,land,تجاري,commercial,40,152669769.99,33095.2,4055.77642490926,5000.0,2897.58
2024,4,الرياض,الرياض,ظهرة لبن,أرض,land,سكني,residential,74,82900701.46,39065.19,2210.46201554528,2758.89,1118.6
2024,4,الرياض,الرياض,ظهرة لبن,شقة,apartment,سكني,residential,203,121985883.94,29761.359,4467.7607044294,5499.76,3039.37
2024,4,الرياض,الرياض,ظهرة لبن,فيلا,villa,سكني,residential,83,154408592.21,40148.49,3855.03090128048,4791.95885928004,3111.2
2024,4,الرياض,الرياض,عتيقة,أرض,land,تجاري,commercial,1,2800000.0,525.0,,,
2024,4,الرياض,الرياض,عتيقة,أرض,land,سكني,residential,25,11553396.5,4683.56,1814.15359519289,3384.62,649.28
2024,4,الرياض,الرياض,عرقة,أرض,land,تجاري,commercial,2,115446134.4,22675.0,,,
2024,4,الرياض,الرياض,عرقة,أرض,land,سكني,residential,24,71242450.34,16674.25,3852.38873226612,6748.57679012346,2455.47714285714
2024,4,الرياض,الرياض,عرقة,شقة,apartment,سكني,residential,16,26166484.44,3073.81,9042.7826852954,9451.53,8222.58
2024,4,الرياض,الرياض,عرقة,فيلا,villa,سكني,residential,32,160750984.35,17784.52,9226.28838394737,14167.65,7200.0
2024,4,الرياض,الرياض,عريض,أرض,land,سكني,residential,1074,476149941.0,515251.666,916.699790153305,1066.66666666667,731.71
2024,4,الرياض,الرياض,عريض,أرض,land,تجاري,commercial,37,37535215.4,36789.9,1138.95161048689,1444.44,888.89
2024,4,الرياض,الرياض,عريض,فيلا,villa,سكني,residential,370,186085001.0,146971.265,1202.26877152453,1344.0,1108.36
2024,4,الرياض,الرياض,عكاظ,أرض,land,تجاري,commercial,15,50774403.0,28365.56,1466.68527168539,2222.22,1300.0
2024,4,الرياض,الرياض,عكاظ,أرض,land,سكني,residential,114,221577225.15,164344.27,1334.80220748653,1500.0,1300.0
2024,4,الرياض,الرياض,عكاظ,شقة,apartment,سكني,residential,123,73553056.23,21979.37,3255.22474230981,4038.03,2597.7
2024,4,الرياض,الرياض,عكاظ,فيلا,villa,سكني,residential,328,282307113.07,85935.4500000001,3433.68029325575,3989.36,2942.11
2024,4,الرياض,الرياض,عليشة,أرض,land,تجاري,commercial,1,26650000.0,7480.91,,,
2024,4,الرياض,الرياض,عليشة,فيلا,villa,سكني,residential,5,6600000.0,1917.93,,,
2024,4,الرياض,الرياض,غبيرا,أرض,land,تجاري,commercial,6,181861080.32,59115.48,4177.46063572566,4900.0,3154.45
2024,4,الرياض,الرياض,غبيرا,أرض,land,سكني,residential,44,31859584.4,9959.95,2825.46803554482,3520.0,2352.94
2024,4,الرياض,الرياض,غرناطة,أرض,land,تجاري,commercial,5,256565048.6,79785.03,,,
2024,4,الرياض,الرياض,غرناطة,أرض,land,سكني,residential,3,264808118.0,85804.0,,,
2024,4,الرياض,الرياض,غرناطة,شقة,apartment,سكني,residential,11,7826854.3,1527.92,7061.01858133987,7433.23,6360.4
2024,4,الرياض,الرياض,غرناطة,فيلا,villa,سكني,residential,3,8463951.4,1298.51,,,
2024,4,الرياض,الرياض,قرطبة,أرض,land,تجاري,commercial,4,94945420.0,17668.6,,,
2024,4,الرياض,الرياض,قرطبة,أرض,land,سكني,residential,24,39023115.47,10206.925,4483.52487398709,6000.0,2469.0
2024,4,الرياض,الرياض,قرطبة,شقة,apartment,سكني,residential,135,140226966.73,19642.86,7072.87944944934,8288.34,6607.95
2024,4,الرياض,الرياض,قرطبة,فيلا,villa,سكني,residential,39,108304887.0,14574.553,7819.25048416587,9715.69,6349.21904761905
2024,4,الرياض,الرياض,لبن,أرض,land,تجاري,commercial,10,32170000.0,7549.0,4137.36263736264,5555.56,3500.0
2024,4,الرياض,الرياض,لبن,أرض,land,سكني,residential,63,65058777.02,24908.45,2743.16935860409,3840.0,1768.89
2024,4,الرياض,الرياض,لبن,شقة,apartment,سكني,residential,63,37335333.37,9624.95,4135.54944025734,5434.93,2470.72
2024,4,الرياض,الرياض,لبن,فيلا,villa,سكني,residential,24,35705260.02,6813.06,5274.64980130418,6200.0,4613.62
2024,4,الرياض,الرياض,مطار الملك خالد الدولي,أرض,land,تجاري,commercial,9,13734956.0,2547.84,3086.55738386969,3650.03,2771.25
2024,4,الرياض,الرياض,مطار الملك خالد الدولي,أرض,land,سكني,residential,232,166887949.08,57633.38,2898.37961558686,3314.76,2558.71
2024,4,الرياض,الرياض,مطار الملك خالد الدولي,فيلا,villa,سكني,residential,6,4068165.0,1828.28,2400.64319566689,2622.83,2280.75
2024,4,الرياض,الرياض,مغرزات,أرض,land,تجاري,commercial,1,4300000.0,474.0,,,
2024,4,الرياض,الرياض,مغرزات,أرض,land,سكني,residential,4,16472000.0,2011.0,,,
2024,4,الرياض,الرياض,مغرزات,شقة,apartment,سكني,residential,8,7215814.93,1099.3,7280.89975510204,9937.24,5060.15
2024,4,الرياض,الرياض,مغرزات,فيلا,villa,سكني,residential,12,34538888.0,3751.98,9802.07190884083,10615.48,9134.11
2024,4,الرياض,الرياض,منفوحة,أرض,land,تجاري,commercial,2,1095000.0,358.98,,,
2024,4,الرياض,الرياض,منفوحة,أرض,land,سكني,residential,107,60782029.94,17617.24,3425.07476576289,5422.46,1702.13
2024,4,الرياض,الرياض,منفوحة الجديدة,أرض,land,تجاري,commercial,3,5700000.0,1088.16,,,
2024,4,الرياض,الرياض,منفوحة الجديدة,أرض,land,سكني,residential,60,39873689.0,9953.28,3937.17807779246,5954.85,1677.85
2024,4,الرياض,الرياض,منفوحة الجديدة,عمارة,building,سكني,residential,1,2000000.0,148.12,,,
2024,4,الرياض,الرياض,نمار,أرض,land,تجاري,commercial,3,33921650.0,13448.66,,,
2024,4,الرياض,الرياض,نمار,أرض,land,سكني,residential,8,6571752.0,2039.08,3975.76748652323,4165.9693402219,3527.7516462841
2024,4,الرياض,الرياض,نمار,شقة,apartment,سكني,residential,1,779700.0,271.06,,,
2024,4,الرياض,الرياض,نمار,فيلا,villa,سكني,residential,17,16972858.0,4383.98,3939.13738091672,4586.13119564078,3026.0238047206
2024,4,الرياض,الرياض,هيت,أرض,land,زراعي,agricultural,1,2700000.0,7500.0,,,
2024,4,الرياض,الرياض,هيت,أرض,land,تجاري,commercial,8,84674704.0,281655.136,300.000581994262,300.0,300.0
2024,4,الرياض,الرياض,هيت,أرض,land,سكني,residential,1,9400000.0,23500.0,,,
2024,4,الرياض,الرياض,وادي لبن,أرض,land,سكني,residential,2,2115000.0,825.0,,,
2024,4,الرياض,الرياض,وادي لبن,فيلا,villa,سكني,residential,1,2035000.0,445.39,,,
